onset	duration	sample	trial_type	value
1.8465	0	1848	200001	200001
90.3005	0	90302	391967676	-39196.7676
90.3006	0	90302	391938711	-39193.8711
90.3007	0	90302	391930703	-39193.0703
90.3008	0	90302	391939824	-39193.9824
90.3009	0	90302	391955762	-39195.5762
90.301	0	90302	392001191	-39200.1191
90.3011	0	90302	392008965	-39200.8965
90.3012	0	90302	391978867	-39197.8867
90.3013	0	90302	391961113	-39196.1113
90.3014	0	90302	391955547	-39195.5547
90.3015	0	90303	391959336	-39195.9336
90.3016	0	90303	3919575	-39195.75
90.3017	0	90303	391972109	-39197.2109
90.3018	0	90303	391945117	-39194.5117
90.3019	0	90303	391895859	-39189.5859
90.302	0	90303	391893027	-39189.3027
90.3021	0	90303	39189127	-39189.127
90.3022	0	90303	391873691	-39187.3691
90.3023	0	90303	391866523	-39186.6523
90.3024	0	90303	391858359	-39185.8359
90.3025	0	90304	391827051	-39182.7051
90.3026	0	90304	391827559	-39182.7559
90.3027	0	90304	391842949	-39184.2949
90.3028	0	90304	391828945	-39182.8945
90.3029	0	90304	391823945	-39182.3945
90.303	0	90304	391830137	-39183.0137
90.3031	0	90304	391804375	-39180.4375
90.3032	0	90304	391763457	-39176.3457
90.3033	0	90304	391750391	-39175.0391
90.3034	0	90304	391751934	-39175.1934
90.3035	0	90305	39172377	-39172.377
90.3036	0	90305	39169666	-39169.666
90.3037	0	90305	391716602	-39171.6602
90.3038	0	90305	39169416	-39169.416
90.3039	0	90305	391658848	-39165.8848
90.304	0	90305	391654961	-39165.4961
90.3041	0	90305	391640664	-39164.0664
90.3042	0	90305	391622246	-39162.2246
90.3043	0	90305	391626152	-39162.6152
90.3044	0	90305	391658418	-39165.8418
90.3045	0	90306	391654395	-39165.4395
90.3046	0	90306	391625684	-39162.5684
90.3047	0	90306	39160875	-39160.875
90.3048	0	90306	391613867	-39161.3867
90.3049	0	90306	39160834	-39160.834
90.305	0	90306	391617305	-39161.7305
90.3051	0	90306	391614102	-39161.4102
90.3052	0	90306	391579609	-39157.9609
90.3053	0	90306	391574277	-39157.4277
90.3054	0	90306	39156832	-39156.832
90.3055	0	90307	391579414	-39157.9414
90.3056	0	90307	39159623	-39159.623
90.3057	0	90307	39160252	-39160.252
90.3058	0	90307	391616387	-39161.6387
90.3059	0	90307	391632773	-39163.2773
90.306	0	90307	391600898	-39160.0898
90.3061	0	90307	391580488	-39158.0488
90.3062	0	90307	391592402	-39159.2402
90.3063	0	90307	391566074	-39156.6074
90.3064	0	90307	391564219	-39156.4219
90.3065	0	90308	391580645	-39158.0645
90.3066	0	90308	391592715	-39159.2715
90.3067	0	90308	391595938	-39159.5938
90.3068	0	90308	391569375	-39156.9375
90.3069	0	90308	39155916	-39155.916
90.307	0	90308	391579316	-39157.9316
90.3071	0	90308	391570605	-39157.0605
90.3072	0	90308	39157416	-39157.416
90.3073	0	90308	391599395	-39159.9395
90.3074	0	90308	391572695	-39157.2695
90.3075	0	90309	391538711	-39153.8711
90.3076	0	90309	391541543	-39154.1543
90.3077	0	90309	391549297	-39154.9297
90.3078	0	90309	391528789	-39152.8789
90.3079	0	90309	391515332	-39151.5332
90.308	0	90309	391498828	-39149.8828
90.3081	0	90309	391483066	-39148.3066
90.3082	0	90309	391488828	-39148.8828
90.3083	0	90309	391502461	-39150.2461
90.3084	0	90309	391514414	-39151.4414
90.3085	0	90310	39150959	-39150.959
90.3086	0	90310	391501602	-39150.1602
90.3087	0	90310	391488164	-39148.8164
90.3088	0	90310	391475391	-39147.5391
90.3089	0	90310	391447363	-39144.7363
90.309	0	90310	391463535	-39146.3535
90.3091	0	90310	391482715	-39148.2715
90.3092	0	90310	391464023	-39146.4023
90.3093	0	90310	391486602	-39148.6602
90.3094	0	90310	391499551	-39149.9551
90.3095	0	90311	391500176	-39150.0176
90.3096	0	90311	391516016	-39151.6016
90.3097	0	90311	391542988	-39154.2988
90.3098	0	90311	391543711	-39154.3711
90.3099	0	90311	391517461	-39151.7461
90.31	0	90311	391515156	-39151.5156
90.3101	0	90311	391526152	-39152.6152
90.3102	0	90311	391498359	-39149.8359
90.3103	0	90311	391480645	-39148.0645
90.3104	0	90311	39151959	-39151.959
90.3105	0	90312	391548652	-39154.8652
90.3106	0	90312	391565625	-39156.5625
90.3107	0	90312	391562227	-39156.2227
90.3108	0	90312	391541777	-39154.1777
90.3109	0	90312	391522559	-39152.2559
90.311	0	90312	391527637	-39152.7637
90.3111	0	90312	391531855	-39153.1855
90.3112	0	90312	391514102	-39151.4102
90.3113	0	90312	391503145	-39150.3145
90.3114	0	90312	391522988	-39152.2988
90.3115	0	90313	391550332	-39155.0332
90.3116	0	90313	391542871	-39154.2871
90.3117	0	90313	39157668	-39157.668
90.3118	0	90313	39161957	-39161.957
90.3119	0	90313	39164875	-39164.875
90.312	0	90313	391674238	-39167.4238
90.3121	0	90313	391650781	-39165.0781
90.3122	0	90313	391626699	-39162.6699
90.3123	0	90313	391644297	-39164.4297
90.3124	0	90313	391666895	-39166.6895
90.3125	0	90314	391678555	-39167.8555
90.3126	0	90314	391688066	-39168.8066
90.3127	0	90314	391682461	-39168.2461
90.3128	0	90314	391693496	-39169.3496
90.3129	0	90314	39171291	-39171.291
90.313	0	90314	391718926	-39171.8926
90.3131	0	90314	391729551	-39172.9551
90.3132	0	90314	391721973	-39172.1973
90.3133	0	90314	391708926	-39170.8926
90.3134	0	90314	391711543	-39171.1543
90.3135	0	90315	391720977	-39172.0977
90.3136	0	90315	39177957	-39177.957
90.3137	0	90315	391813262	-39181.3262
90.3138	0	90315	391788828	-39178.8828
90.3139	0	90315	391821699	-39182.1699
90.314	0	90315	391856484	-39185.6484
90.3141	0	90315	391858945	-39185.8945
90.3142	0	90315	391855879	-39185.5879
90.3143	0	90315	391859121	-39185.9121
90.3144	0	90315	391877812	-39187.7812
90.3145	0	90316	391862715	-39186.2715
90.3146	0	90316	391855684	-39185.5684
90.3147	0	90316	391863105	-39186.3105
90.3148	0	90316	39184877	-39184.877
90.3149	0	90316	391828574	-39182.8574
90.315	0	90316	391825	-39182.5
90.3151	0	90316	391804844	-39180.4844
90.3152	0	90316	391797949	-39179.7949
90.3153	0	90316	391813789	-39181.3789
90.3154	0	90316	391789023	-39178.9023
90.3155	0	90317	391758984	-39175.8984
90.3156	0	90317	39174166	-39174.166
90.3157	0	90317	391727031	-39172.7031
90.3158	0	90317	391719668	-39171.9668
90.3159	0	90317	391734688	-39173.4688
90.316	0	90317	391732754	-39173.2754
90.3161	0	90317	391732949	-39173.2949
90.3162	0	90317	391756367	-39175.6367
90.3163	0	90317	39177541	-39177.541
90.3164	0	90317	391809102	-39180.9102
90.3165	0	90318	391805195	-39180.5195
90.3166	0	90318	391745859	-39174.5859
90.3167	0	90318	391723516	-39172.3516
90.3168	0	90318	391747656	-39174.7656
90.3169	0	90318	391754219	-39175.4219
90.317	0	90318	391784336	-39178.4336
90.3171	0	90318	391830605	-39183.0605
90.3172	0	90318	391852891	-39185.2891
90.3173	0	90318	39186584	-39186.584
90.3174	0	90318	391880508	-39188.0508
90.3175	0	90319	391895332	-39189.5332
90.3176	0	90319	391920684	-39192.0684
90.3177	0	90319	391955488	-39195.5488
90.3178	0	90319	391942207	-39194.2207
90.3179	0	90319	391965488	-39196.5488
90.318	0	90319	392004316	-39200.4316
90.3181	0	90319	391997539	-39199.7539
90.3182	0	90319	392003164	-39200.3164
90.3183	0	90319	391989258	-39198.9258
90.3184	0	90319	391971602	-39197.1602
90.3185	0	90320	391954863	-39195.4863
90.3186	0	90320	391950059	-39195.0059
90.3187	0	90320	39197123	-39197.123
90.3188	0	90320	39198291	-39198.291
90.3189	0	90320	391970898	-39197.0898
90.319	0	90320	391969902	-39196.9902
90.3191	0	90320	391989727	-39198.9727
90.3192	0	90320	392003086	-39200.3086
90.3193	0	90320	391990859	-39199.0859
90.3194	0	90320	391981992	-39198.1992
90.3195	0	90321	392007852	-39200.7852
90.3196	0	90321	391993398	-39199.3398
90.3197	0	90321	391945723	-39194.5723
90.3198	0	90321	391928848	-39192.8848
90.3199	0	90321	391938691	-39193.8691
90.32	0	90321	391956328	-39195.6328
90.3201	0	90321	39194791	-39194.791
90.3202	0	90321	391922812	-39192.2812
90.3203	0	90321	391913262	-39191.3262
90.3204	0	90321	39186959	-39186.959
90.3205	0	90322	391823301	-39182.3301
90.3206	0	90322	391831016	-39183.1016
90.3207	0	90322	391803789	-39180.3789
90.3208	0	90322	391769082	-39176.9082
90.3209	0	90322	391780762	-39178.0762
90.321	0	90322	391794316	-39179.4316
90.3211	0	90322	391810391	-39181.0391
90.3212	0	90322	391822207	-39182.2207
90.3213	0	90322	39181252	-39181.252
90.3214	0	90322	391804434	-39180.4434
90.3215	0	90323	391809668	-39180.9668
90.3216	0	90323	391824727	-39182.4727
90.3217	0	90323	391848398	-39184.8398
90.3218	0	90323	391828652	-39182.8652
90.3219	0	90323	391808887	-39180.8887
90.322	0	90323	391810312	-39181.0312
90.3221	0	90323	391808848	-39180.8848
90.3222	0	90323	391832402	-39183.2402
90.3223	0	90323	391859023	-39185.9023
90.3224	0	90323	391858105	-39185.8105
90.3225	0	90324	391840938	-39184.0938
90.3226	0	90324	391847422	-39184.7422
90.3227	0	90324	391862324	-39186.2324
90.3228	0	90324	391853652	-39185.3652
90.3229	0	90324	391835879	-39183.5879
90.323	0	90324	391836719	-39183.6719
90.3231	0	90324	391821211	-39182.1211
90.3232	0	90324	391801465	-39180.1465
90.3233	0	90324	391799199	-39179.9199
90.3234	0	90324	39180957	-39180.957
90.3235	0	90325	39182209	-39182.209
90.3236	0	90325	391787891	-39178.7891
90.3237	0	90325	391763359	-39176.3359
90.3238	0	90325	391753516	-39175.3516
90.3239	0	90325	391715469	-39171.5469
90.324	0	90325	391676387	-39167.6387
90.3241	0	90325	391667441	-39166.7441
90.3242	0	90325	391667715	-39166.7715
90.3243	0	90325	391641777	-39164.1777
90.3244	0	90325	391622559	-39162.2559
90.3245	0	90326	391609336	-39160.9336
90.3246	0	90326	391610293	-39161.0293
90.3247	0	90326	391604961	-39160.4961
90.3248	0	90326	391599043	-39159.9043
90.3249	0	90326	391602852	-39160.2852
90.325	0	90326	391584551	-39158.4551
90.3251	0	90326	391550957	-39155.0957
90.3252	0	90326	391502461	-39150.2461
90.3253	0	90326	391471426	-39147.1426
90.3254	0	90326	391476289	-39147.6289
90.3255	0	90327	391495547	-39149.5547
90.3256	0	90327	391494746	-39149.4746
90.3257	0	90327	391475117	-39147.5117
90.3258	0	90327	391456172	-39145.6172
90.3259	0	90327	391452793	-39145.2793
90.326	0	90327	391442188	-39144.2188
90.3261	0	90327	391437422	-39143.7422
90.3262	0	90327	391434688	-39143.4688
90.3263	0	90327	391408945	-39140.8945
90.3264	0	90327	391399316	-39139.9316
90.3265	0	90328	391399805	-39139.9805
90.3266	0	90328	391380195	-39138.0195
90.3267	0	90328	391360703	-39136.0703
90.3268	0	90328	391370508	-39137.0508
90.3269	0	90328	391359727	-39135.9727
90.327	0	90328	391346855	-39134.6855
90.3271	0	90328	391354414	-39135.4414
90.3272	0	90328	391370703	-39137.0703
90.3273	0	90328	391383613	-39138.3613
90.3274	0	90328	391384238	-39138.4238
90.3275	0	90329	391376875	-39137.6875
90.3276	0	90329	39137209	-39137.209
90.3277	0	90329	391394863	-39139.4863
90.3278	0	90329	391392129	-39139.2129
90.3279	0	90329	391387559	-39138.7559
90.328	0	90329	391394688	-39139.4688
90.3281	0	90329	391416035	-39141.6035
90.3282	0	90329	391444492	-39144.4492
90.3283	0	90329	391461992	-39146.1992
90.3284	0	90329	391481094	-39148.1094
90.3285	0	90330	39150041	-39150.041
90.3286	0	90330	391531758	-39153.1758
90.3287	0	90330	391500508	-39150.0508
90.3288	0	90330	391469961	-39146.9961
90.3289	0	90330	39149873	-39149.873
90.329	0	90330	391516152	-39151.6152
90.3291	0	90330	391502266	-39150.2266
90.3292	0	90330	391500098	-39150.0098
90.3293	0	90330	39151916	-39151.916
90.3294	0	90330	391494648	-39149.4648
90.3295	0	90331	391462812	-39146.2812
90.3296	0	90331	39147998	-39147.998
90.3297	0	90331	391530625	-39153.0625
90.3298	0	90331	391548691	-39154.8691
90.3299	0	90331	391541426	-39154.1426
90.33	0	90331	391543223	-39154.3223
90.3301	0	90331	391528555	-39152.8555
90.3302	0	90331	391486113	-39148.6113
90.3303	0	90331	391456133	-39145.6133
90.3304	0	90331	391462227	-39146.2227
90.3305	0	90332	391470488	-39147.0488
90.3306	0	90332	391500801	-39150.0801
90.3307	0	90332	391529785	-39152.9785
90.3308	0	90332	391524902	-39152.4902
90.3309	0	90332	391517363	-39151.7363
90.331	0	90332	391515039	-39151.5039
90.3311	0	90332	391495859	-39149.5859
90.3312	0	90332	391502168	-39150.2168
90.3313	0	90332	391539824	-39153.9824
90.3314	0	90332	391532637	-39153.2637
90.3315	0	90333	391507773	-39150.7773
90.3316	0	90333	391507363	-39150.7363
90.3317	0	90333	391528203	-39152.8203
90.3318	0	90333	391535039	-39153.5039
90.3319	0	90333	39154625	-39154.625
90.332	0	90333	391570801	-39157.0801
90.3321	0	90333	39157752	-39157.752
90.3322	0	90333	391575879	-39157.5879
90.3323	0	90333	39157668	-39157.668
90.3324	0	90333	391597188	-39159.7188
90.3325	0	90334	39160502	-39160.502
90.3326	0	90334	391636348	-39163.6348
90.3327	0	90334	391693457	-39169.3457
90.3328	0	90334	391698672	-39169.8672
90.3329	0	90334	39169125	-39169.125
90.333	0	90334	391724238	-39172.4238
90.3331	0	90334	391754531	-39175.4531
90.3332	0	90334	391769492	-39176.9492
90.3333	0	90334	391779492	-39177.9492
90.3334	0	90334	39175541	-39175.541
90.3335	0	90335	391738828	-39173.8828
90.3336	0	90335	39176373	-39176.373
90.3337	0	90335	391815234	-39181.5234
90.3338	0	90335	391823008	-39182.3008
90.3339	0	90335	391818379	-39181.8379
90.334	0	90335	391857969	-39185.7969
90.3341	0	90335	391890605	-39189.0605
90.3342	0	90335	391900762	-39190.0762
90.3343	0	90335	391886738	-39188.6738
90.3344	0	90335	391899141	-39189.9141
90.3345	0	90336	391904082	-39190.4082
90.3346	0	90336	391872754	-39187.2754
90.3347	0	90336	391856641	-39185.6641
90.3348	0	90336	391853711	-39185.3711
90.3349	0	90336	391841035	-39184.1035
90.335	0	90336	391838242	-39183.8242
90.3351	0	90336	39184875	-39184.875
90.3352	0	90336	391872168	-39187.2168
90.3353	0	90336	391910566	-39191.0566
90.3354	0	90336	391896621	-39189.6621
90.3355	0	90337	391848555	-39184.8555
90.3356	0	90337	391816523	-39181.6523
90.3357	0	90337	391819453	-39181.9453
90.3358	0	90337	39183332	-39183.332
90.3359	0	90337	391826367	-39182.6367
90.336	0	90337	391796602	-39179.6602
90.3361	0	90337	391804355	-39180.4355
90.3362	0	90337	39184834	-39184.834
90.3363	0	90337	391845332	-39184.5332
90.3364	0	90337	391846797	-39184.6797
90.3365	0	90338	3918475	-39184.75
90.3366	0	90338	391804199	-39180.4199
90.3367	0	90338	391767891	-39176.7891
90.3368	0	90338	39177832	-39177.832
90.3369	0	90338	391801582	-39180.1582
90.337	0	90338	391821543	-39182.1543
90.3371	0	90338	391837871	-39183.7871
90.3372	0	90338	391851523	-39185.1523
90.3373	0	90338	391846133	-39184.6133
90.3374	0	90338	39180877	-39180.877
90.3375	0	90339	391804004	-39180.4004
90.3376	0	90339	391830957	-39183.0957
90.3377	0	90339	391865918	-39186.5918
90.3378	0	90339	391880723	-39188.0723
90.3379	0	90339	39188041	-39188.041
90.338	0	90339	391875586	-39187.5586
90.3381	0	90339	39185418	-39185.418
90.3382	0	90339	391853418	-39185.3418
90.3383	0	90339	391867148	-39186.7148
90.3384	0	90339	391852148	-39185.2148
90.3385	0	90340	39183334	-39183.334
90.3386	0	90340	39188291	-39188.291
90.3387	0	90340	391944453	-39194.4453
90.3388	0	90340	391983145	-39198.3145
90.3389	0	90340	392011777	-39201.1777
90.339	0	90340	392029922	-39202.9922
90.3391	0	90340	392032598	-39203.2598
90.3392	0	90340	392037266	-39203.7266
90.3393	0	90340	392073848	-39207.3848
90.3394	0	90340	392054121	-39205.4121
90.3395	0	90341	392009219	-39200.9219
90.3396	0	90341	392015742	-39201.5742
90.3397	0	90341	392032344	-39203.2344
90.3398	0	90341	391986289	-39198.6289
90.3399	0	90341	391932676	-39193.2676
90.34	0	90341	391944043	-39194.4043
90.3401	0	90341	391946328	-39194.6328
90.3402	0	90341	391932344	-39193.2344
90.3403	0	90341	391934629	-39193.4629
90.3404	0	90341	391922188	-39192.2188
90.3405	0	90342	391899297	-39189.9297
90.3406	0	90342	39191459	-39191.459
90.3407	0	90342	391916641	-39191.6641
90.3408	0	90342	391880938	-39188.0938
90.3409	0	90342	391856543	-39185.6543
90.341	0	90342	39187498	-39187.498
90.3411	0	90342	391888906	-39188.8906
90.3412	0	90342	391869961	-39186.9961
90.3413	0	90342	391865137	-39186.5137
90.3414	0	90342	391849512	-39184.9512
90.3415	0	90343	391850684	-39185.0684
90.3416	0	90343	391859043	-39185.9043
90.3417	0	90343	391867676	-39186.7676
90.3418	0	90343	391883105	-39188.3105
90.3419	0	90343	391865703	-39186.5703
90.342	0	90343	391836191	-39183.6191
90.3421	0	90343	391844941	-39184.4941
90.3422	0	90343	391861582	-39186.1582
90.3423	0	90343	39184998	-39184.998
90.3424	0	90343	391858086	-39185.8086
90.3425	0	90344	391875527	-39187.5527
90.3426	0	90344	391873965	-39187.3965
90.3427	0	90344	391859414	-39185.9414
90.3428	0	90344	391893066	-39189.3066
90.3429	0	90344	391910684	-39191.0684
90.343	0	90344	391906348	-39190.6348
90.3431	0	90344	39194668	-39194.668
90.3432	0	90344	39195416	-39195.416
90.3433	0	90344	391928203	-39192.8203
90.3434	0	90344	391902812	-39190.2812
90.3435	0	90345	391940449	-39194.0449
90.3436	0	90345	391983496	-39198.3496
90.3437	0	90345	391968477	-39196.8477
90.3438	0	90345	391966367	-39196.6367
90.3439	0	90345	391965254	-39196.5254
90.344	0	90345	391934258	-39193.4258
90.3441	0	90345	391905605	-39190.5605
90.3442	0	90345	391894219	-39189.4219
90.3443	0	90345	39189543	-39189.543
90.3444	0	90345	391924648	-39192.4648
90.3445	0	90346	391926738	-39192.6738
90.3446	0	90346	391900859	-39190.0859
90.3447	0	90346	391878535	-39187.8535
90.3448	0	90346	39188082	-39188.082
90.3449	0	90346	391884766	-39188.4766
90.345	0	90346	391853613	-39185.3613
90.3451	0	90346	391834277	-39183.4277
90.3452	0	90346	391812695	-39181.2695
90.3453	0	90346	391770137	-39177.0137
90.3454	0	90346	391738555	-39173.8555
90.3455	0	90347	391752031	-39175.2031
90.3456	0	90347	391767188	-39176.7188
90.3457	0	90347	391740898	-39174.0898
90.3458	0	90347	39169709	-39169.709
90.3459	0	90347	391682031	-39168.2031
90.346	0	90347	391682109	-39168.2109
90.3461	0	90347	391658145	-39165.8145
90.3462	0	90347	391647988	-39164.7988
90.3463	0	90347	391629316	-39162.9316
90.3464	0	90347	391570684	-39157.0684
90.3465	0	90348	391543145	-39154.3145
90.3466	0	90348	391568926	-39156.8926
90.3467	0	90348	391561875	-39156.1875
90.3468	0	90348	391519688	-39151.9688
90.3469	0	90348	3914975	-39149.75
90.347	0	90348	391482188	-39148.2188
90.3471	0	90348	391426211	-39142.6211
90.3472	0	90348	391395215	-39139.5215
90.3473	0	90348	391420605	-39142.0605
90.3474	0	90348	391414844	-39141.4844
90.3475	0	90349	391403906	-39140.3906
90.3476	0	90349	391404707	-39140.4707
90.3477	0	90349	391394414	-39139.4414
90.3478	0	90349	391371562	-39137.1562
90.3479	0	90349	391383066	-39138.3066
90.348	0	90349	391411543	-39141.1543
90.3481	0	90349	391412148	-39141.2148
90.3482	0	90349	391398184	-39139.8184
90.3483	0	90349	391398281	-39139.8281
90.3484	0	90349	39143002	-39143.002
90.3485	0	90350	391434629	-39143.4629
90.3486	0	90350	391453398	-39145.3398
90.3487	0	90350	39147252	-39147.252
90.3488	0	90350	391464805	-39146.4805
90.3489	0	90350	391469512	-39146.9512
90.349	0	90350	391489199	-39148.9199
90.3491	0	90350	391508379	-39150.8379
90.3492	0	90350	391508066	-39150.8066
90.3493	0	90350	391509648	-39150.9648
90.3494	0	90350	391515957	-39151.5957
90.3495	0	90351	391536641	-39153.6641
90.3496	0	90351	391529238	-39152.9238
90.3497	0	90351	39152707	-39152.707
90.3498	0	90351	391547266	-39154.7266
90.3499	0	90351	391554785	-39155.4785
90.35	0	90351	391580703	-39158.0703
90.3501	0	90351	391598828	-39159.8828
90.3502	0	90351	391599023	-39159.9023
90.3503	0	90351	391573789	-39157.3789
90.3504	0	90351	391547324	-39154.7324
90.3505	0	90352	391556953	-39155.6953
90.3506	0	90352	391597246	-39159.7246
90.3507	0	90352	391637871	-39163.7871
90.3508	0	90352	391634609	-39163.4609
90.3509	0	90352	391600996	-39160.0996
90.351	0	90352	391591621	-39159.1621
90.3511	0	90352	391610117	-39161.0117
90.3512	0	90352	391625586	-39162.5586
90.3513	0	90352	391610938	-39161.0938
90.3514	0	90352	391602266	-39160.2266
90.3515	0	90353	391635938	-39163.5938
90.3516	0	90353	391651113	-39165.1113
90.3517	0	90353	391677949	-39167.7949
90.3518	0	90353	39172498	-39172.498
90.3519	0	90353	391757051	-39175.7051
90.352	0	90353	391763633	-39176.3633
90.3521	0	90353	391753164	-39175.3164
90.3522	0	90353	391753457	-39175.3457
90.3523	0	90353	391750391	-39175.0391
90.3524	0	90353	391750547	-39175.0547
90.3525	0	90354	391757539	-39175.7539
90.3526	0	90354	391790801	-39179.0801
90.3527	0	90354	391829688	-39182.9688
90.3528	0	90354	391819121	-39181.9121
90.3529	0	90354	391786387	-39178.6387
90.353	0	90354	391817109	-39181.7109
90.3531	0	90354	391840449	-39184.0449
90.3532	0	90354	391834219	-39183.4219
90.3533	0	90354	391852656	-39185.2656
90.3534	0	90354	39184502	-39184.502
90.3535	0	90355	391855469	-39185.5469
90.3536	0	90355	391872949	-39187.2949
90.3537	0	90355	391875684	-39187.5684
90.3538	0	90355	391868008	-39186.8008
90.3539	0	90355	391888809	-39188.8809
90.354	0	90355	391932578	-39193.2578
90.3541	0	90355	391935098	-39193.5098
90.3542	0	90355	391934316	-39193.4316
90.3543	0	90355	391951875	-39195.1875
90.3544	0	90355	391973652	-39197.3652
90.3545	0	90356	391957305	-39195.7305
90.3546	0	90356	391948516	-39194.8516
90.3547	0	90356	391965879	-39196.5879
90.3548	0	90356	391964883	-39196.4883
90.3549	0	90356	391931621	-39193.1621
90.355	0	90356	391912363	-39191.2363
90.3551	0	90356	391912695	-39191.2695
90.3552	0	90356	391925215	-39192.5215
90.3553	0	90356	39198541	-39198.541
90.3554	0	90356	392006465	-39200.6465
90.3555	0	90357	391967266	-39196.7266
90.3556	0	90357	391929297	-39192.9297
90.3557	0	90357	391917285	-39191.7285
90.3558	0	90357	391923066	-39192.3066
90.3559	0	90357	39194082	-39194.082
90.356	0	90357	391970703	-39197.0703
90.3561	0	90357	39201207	-39201.207
90.3562	0	90357	392003477	-39200.3477
90.3563	0	90357	391984043	-39198.4043
90.3564	0	90357	392035898	-39203.5898
90.3565	0	90358	392055098	-39205.5098
90.3566	0	90358	392045449	-39204.5449
90.3567	0	90358	392034844	-39203.4844
90.3568	0	90358	391997246	-39199.7246
90.3569	0	90358	391968066	-39196.8066
90.357	0	90358	391968574	-39196.8574
90.3571	0	90358	391988984	-39198.8984
90.3572	0	90358	391989629	-39198.9629
90.3573	0	90358	391978184	-39197.8184
90.3574	0	90358	391989297	-39198.9297
90.3575	0	90359	391984941	-39198.4941
90.3576	0	90359	391971797	-39197.1797
90.3577	0	90359	391979277	-39197.9277
90.3578	0	90359	391982246	-39198.2246
90.3579	0	90359	392014805	-39201.4805
90.358	0	90359	39203291	-39203.291
90.3581	0	90359	392030566	-39203.0566
90.3582	0	90359	39203625	-39203.625
90.3583	0	90359	392041602	-39204.1602
90.3584	0	90359	392087227	-39208.7227
90.3585	0	90360	392078574	-39207.8574
90.3586	0	90360	392030977	-39203.0977
90.3587	0	90360	392026094	-39202.6094
90.3588	0	90360	392026934	-39202.6934
90.3589	0	90360	392032754	-39203.2754
90.359	0	90360	392054512	-39205.4512
90.3591	0	90360	392053516	-39205.3516
90.3592	0	90360	392029297	-39202.9297
90.3593	0	90360	392035879	-39203.5879
90.3594	0	90360	39204959	-39204.959
90.3595	0	90361	392046055	-39204.6055
90.3596	0	90361	392033398	-39203.3398
90.3597	0	90361	392060547	-39206.0547
90.3598	0	90361	39207623	-39207.623
90.3599	0	90361	392052617	-39205.2617
90.36	0	90361	392074102	-39207.4102
90.3601	0	90361	392083867	-39208.3867
90.3602	0	90361	392085156	-39208.5156
90.3603	0	90361	392129727	-39212.9727
90.3604	0	90361	392138984	-39213.8984
90.3605	0	90362	392074219	-39207.4219
90.3606	0	90362	392037227	-39203.7227
90.3607	0	90362	392047227	-39204.7227
90.3608	0	90362	392043262	-39204.3262
90.3609	0	90362	392042129	-39204.2129
90.361	0	90362	392056289	-39205.6289
90.3611	0	90362	392070645	-39207.0645
90.3612	0	90362	392071621	-39207.1621
90.3613	0	90362	392076211	-39207.6211
90.3614	0	90362	392069238	-39206.9238
90.3615	0	90363	39205875	-39205.875
90.3616	0	90363	392060098	-39206.0098
90.3617	0	90363	392035078	-39203.5078
90.3618	0	90363	392008457	-39200.8457
90.3619	0	90363	392002363	-39200.2363
90.362	0	90363	391962617	-39196.2617
90.3621	0	90363	391928867	-39192.8867
90.3622	0	90363	391928066	-39192.8066
90.3623	0	90363	391916641	-39191.6641
90.3624	0	90363	391914043	-39191.4043
90.3625	0	90364	391910117	-39191.0117
90.3626	0	90364	391889004	-39188.9004
90.3627	0	90364	391860684	-39186.0684
90.3628	0	90364	391857969	-39185.7969
90.3629	0	90364	391827051	-39182.7051
90.363	0	90364	391781836	-39178.1836
90.3631	0	90364	391786699	-39178.6699
90.3632	0	90364	391782676	-39178.2676
90.3633	0	90364	391774023	-39177.4023
90.3634	0	90364	391759844	-39175.9844
90.3635	0	90365	391741328	-39174.1328
90.3636	0	90365	391731406	-39173.1406
90.3637	0	90365	391716328	-39171.6328
90.3638	0	90365	391705488	-39170.5488
90.3639	0	90365	391699531	-39169.9531
90.364	0	90365	391672539	-39167.2539
90.3641	0	90365	391626816	-39162.6816
90.3642	0	90365	39160623	-39160.623
90.3643	0	90365	391610547	-39161.0547
90.3644	0	90365	391638301	-39163.8301
90.3645	0	90366	391659062	-39165.9062
90.3646	0	90366	391657773	-39165.7773
90.3647	0	90366	391677344	-39167.7344
90.3648	0	90366	39170541	-39170.541
90.3649	0	90366	391715156	-39171.5156
90.365	0	90366	391741348	-39174.1348
90.3651	0	90366	39177916	-39177.916
90.3652	0	90366	391780723	-39178.0723
90.3653	0	90366	39176334	-39176.334
90.3654	0	90366	391757246	-39175.7246
90.3655	0	90367	39176623	-39176.623
90.3656	0	90367	391779805	-39177.9805
90.3657	0	90367	391790098	-39179.0098
90.3658	0	90367	391773691	-39177.3691
90.3659	0	90367	391758672	-39175.8672
90.366	0	90367	391761289	-39176.1289
90.3661	0	90367	391741289	-39174.1289
90.3662	0	90367	391700234	-39170.0234
90.3663	0	90367	391659805	-39165.9805
90.3664	0	90367	391631172	-39163.1172
90.3665	0	90368	391599473	-39159.9473
90.3666	0	90368	391593438	-39159.3438
90.3667	0	90368	391616465	-39161.6465
90.3668	0	90368	391646348	-39164.6348
90.3669	0	90368	391649922	-39164.9922
90.367	0	90368	391614648	-39161.4648
90.3671	0	90368	391599023	-39159.9023
90.3672	0	90368	391594883	-39159.4883
90.3673	0	90368	391597109	-39159.7109
90.3674	0	90368	391598945	-39159.8945
90.3675	0	90369	391561855	-39156.1855
90.3676	0	90369	391530371	-39153.0371
90.3677	0	90369	391531387	-39153.1387
90.3678	0	90369	391518652	-39151.8652
90.3679	0	90369	391531816	-39153.1816
90.368	0	90369	391533633	-39153.3633
90.3681	0	90369	391512617	-39151.2617
90.3682	0	90369	391533809	-39153.3809
90.3683	0	90369	391518633	-39151.8633
90.3684	0	90369	39149123	-39149.123
90.3685	0	90370	391493594	-39149.3594
90.3686	0	90370	391507168	-39150.7168
90.3687	0	90370	391504395	-39150.4395
90.3688	0	90370	391500625	-39150.0625
90.3689	0	90370	391511406	-39151.1406
90.369	0	90370	39151207	-39151.207
90.3691	0	90370	391542461	-39154.2461
90.3692	0	90370	391573711	-39157.3711
90.3693	0	90370	391574395	-39157.4395
90.3694	0	90370	391548711	-39154.8711
90.3695	0	90371	391518555	-39151.8555
90.3696	0	90371	391523828	-39152.3828
90.3697	0	90371	391563379	-39156.3379
90.3698	0	90371	391583398	-39158.3398
90.3699	0	90371	391576758	-39157.6758
90.37	0	90371	391582012	-39158.2012
90.3701	0	90371	391567715	-39156.7715
90.3702	0	90371	39156207	-39156.207
90.3703	0	90371	391562227	-39156.2227
90.3704	0	90371	391559434	-39155.9434
90.3705	0	90372	391617031	-39161.7031
90.3706	0	90372	391690605	-39169.0605
90.3707	0	90372	391731641	-39173.1641
90.3708	0	90372	391748418	-39174.8418
90.3709	0	90372	391742559	-39174.2559
90.371	0	90372	391736426	-39173.6426
90.3711	0	90372	391722051	-39172.2051
90.3712	0	90372	391706934	-39170.6934
90.3713	0	90372	391708066	-39170.8066
90.3714	0	90372	39168332	-39168.332
90.3715	0	90373	391661641	-39166.1641
90.3716	0	90373	391652441	-39165.2441
90.3717	0	90373	391657031	-39165.7031
90.3718	0	90373	391667773	-39166.7773
90.3719	0	90373	391661406	-39166.1406
90.372	0	90373	391686914	-39168.6914
90.3721	0	90373	391723809	-39172.3809
90.3722	0	90373	391705762	-39170.5762
90.3723	0	90373	391663164	-39166.3164
90.3724	0	90373	391666758	-39166.6758
90.3725	0	90374	391675098	-39167.5098
90.3726	0	90374	391680254	-39168.0254
90.3727	0	90374	391692812	-39169.2812
90.3728	0	90374	391685293	-39168.5293
90.3729	0	90374	391654824	-39165.4824
90.373	0	90374	39163791	-39163.791
90.3731	0	90374	391671719	-39167.1719
90.3732	0	90374	391703652	-39170.3652
90.3733	0	90374	391694316	-39169.4316
90.3734	0	90374	391675039	-39167.5039
90.3735	0	90375	391690469	-39169.0469
90.3736	0	90375	391702305	-39170.2305
90.3737	0	90375	391710957	-39171.0957
90.3738	0	90375	39169998	-39169.998
90.3739	0	90375	391692207	-39169.2207
90.374	0	90375	391741426	-39174.1426
90.3741	0	90375	391789297	-39178.9297
90.3742	0	90375	391828145	-39182.8145
90.3743	0	90375	391836934	-39183.6934
90.3744	0	90375	391825332	-39182.5332
90.3745	0	90376	391822188	-39182.2188
90.3746	0	90376	391834746	-39183.4746
90.3747	0	90376	391857109	-39185.7109
90.3748	0	90376	391869023	-39186.9023
90.3749	0	90376	391880449	-39188.0449
90.375	0	90376	391912363	-39191.2363
90.3751	0	90376	391933457	-39193.3457
90.3752	0	90376	391933105	-39193.3105
90.3753	0	90376	391948008	-39194.8008
90.3754	0	90376	391967676	-39196.7676
90.3755	0	90377	391990469	-39199.0469
90.3756	0	90377	391979531	-39197.9531
90.3757	0	90377	391939961	-39193.9961
90.3758	0	90377	3919225	-39192.25
90.3759	0	90377	391956523	-39195.6523
90.376	0	90377	391987305	-39198.7305
90.3761	0	90377	392001855	-39200.1855
90.3762	0	90377	392034004	-39203.4004
90.3763	0	90377	392045898	-39204.5898
90.3764	0	90377	39205123	-39205.123
90.3765	0	90378	392068594	-39206.8594
90.3766	0	90378	392097383	-39209.7383
90.3767	0	90378	392088164	-39208.8164
90.3768	0	90378	392056543	-39205.6543
90.3769	0	90378	392052891	-39205.2891
90.377	0	90378	392040977	-39204.0977
90.3771	0	90378	392045059	-39204.5059
90.3772	0	90378	392107773	-39210.7773
90.3773	0	90378	392122188	-39212.2188
90.3774	0	90378	392069531	-39206.9531
90.3775	0	90379	392087969	-39208.7969
90.3776	0	90379	392126914	-39212.6914
90.3777	0	90379	39210373	-39210.373
90.3778	0	90379	392089023	-39208.9023
90.3779	0	90379	392138828	-39213.8828
90.378	0	90379	39218623	-39218.623
90.3781	0	90379	392171484	-39217.1484
90.3782	0	90379	392156582	-39215.6582
90.3783	0	90379	39216332	-39216.332
90.3784	0	90379	392146348	-39214.6348
90.3785	0	90380	392113457	-39211.3457
90.3786	0	90380	39211082	-39211.082
90.3787	0	90380	39210666	-39210.666
90.3788	0	90380	392109648	-39210.9648
90.3789	0	90380	392117656	-39211.7656
90.379	0	90380	392092617	-39209.2617
90.3791	0	90380	392053574	-39205.3574
90.3792	0	90380	392026074	-39202.6074
90.3793	0	90380	392050762	-39205.0762
90.3794	0	90380	392096934	-39209.6934
90.3795	0	90381	392110137	-39211.0137
90.3796	0	90381	392078457	-39207.8457
90.3797	0	90381	392070742	-39207.0742
90.3798	0	90381	392086348	-39208.6348
90.3799	0	90381	392078184	-39207.8184
90.38	0	90381	392078242	-39207.8242
90.3801	0	90381	392079648	-39207.9648
90.3802	0	90381	392077246	-39207.7246
90.3803	0	90381	39207541	-39207.541
90.3804	0	90381	392077734	-39207.7734
90.3805	0	90382	392070684	-39207.0684
90.3806	0	90382	392051113	-39205.1113
90.3807	0	90382	39202918	-39202.918
90.3808	0	90382	392025195	-39202.5195
90.3809	0	90382	392022422	-39202.2422
90.381	0	90382	392019609	-39201.9609
90.3811	0	90382	392040156	-39204.0156
90.3812	0	90382	392035566	-39203.5566
90.3813	0	90382	39202873	-39202.873
90.3814	0	90382	392039766	-39203.9766
90.3815	0	90383	392042344	-39204.2344
90.3816	0	90383	392026074	-39202.6074
90.3817	0	90383	392027031	-39202.7031
90.3818	0	90383	392021426	-39202.1426
90.3819	0	90383	391972793	-39197.2793
90.382	0	90383	391915859	-39191.5859
90.3821	0	90383	391893789	-39189.3789
90.3822	0	90383	391902715	-39190.2715
90.3823	0	90383	391880312	-39188.0312
90.3824	0	90383	391859961	-39185.9961
90.3825	0	90384	391857812	-39185.7812
90.3826	0	90384	391837812	-39183.7812
90.3827	0	90384	391795859	-39179.5859
90.3828	0	90384	391797598	-39179.7598
90.3829	0	90384	391809121	-39180.9121
90.383	0	90384	391763438	-39176.3438
90.3831	0	90384	391729785	-39172.9785
90.3832	0	90384	391733027	-39173.3027
90.3833	0	90384	391734062	-39173.4062
90.3834	0	90384	391701855	-39170.1855
90.3835	0	90385	391691035	-39169.1035
90.3836	0	90385	391692129	-39169.2129
90.3837	0	90385	391673438	-39167.3438
90.3838	0	90385	39167416	-39167.416
90.3839	0	90385	391698945	-39169.8945
90.384	0	90385	391714121	-39171.4121
90.3841	0	90385	391683125	-39168.3125
90.3842	0	90385	391644492	-39164.4492
90.3843	0	90385	3916525	-39165.25
90.3844	0	90385	391662344	-39166.2344
90.3845	0	90386	39164875	-39164.875
90.3846	0	90386	391659082	-39165.9082
90.3847	0	90386	391643184	-39164.3184
90.3848	0	90386	391630254	-39163.0254
90.3849	0	90386	391638262	-39163.8262
90.385	0	90386	391627773	-39162.7773
90.3851	0	90386	391640645	-39164.0645
90.3852	0	90386	391654238	-39165.4238
90.3853	0	90386	391634902	-39163.4902
90.3854	0	90386	391603789	-39160.3789
90.3855	0	90387	391619355	-39161.9355
90.3856	0	90387	391658027	-39165.8027
90.3857	0	90387	391662227	-39166.2227
90.3858	0	90387	391624297	-39162.4297
90.3859	0	90387	391608984	-39160.8984
90.386	0	90387	391613965	-39161.3965
90.3861	0	90387	391602402	-39160.2402
90.3862	0	90387	391582148	-39158.2148
90.3863	0	90387	391556367	-39155.6367
90.3864	0	90387	391546777	-39154.6777
90.3865	0	90388	391522676	-39152.2676
90.3866	0	90388	391536094	-39153.6094
90.3867	0	90388	391552617	-39155.2617
90.3868	0	90388	391512969	-39151.2969
90.3869	0	90388	39150957	-39150.957
90.387	0	90388	391515742	-39151.5742
90.3871	0	90388	391493535	-39149.3535
90.3872	0	90388	391470293	-39147.0293
90.3873	0	90388	391446211	-39144.6211
90.3874	0	90388	391453418	-39145.3418
90.3875	0	90389	391463125	-39146.3125
90.3876	0	90389	391442773	-39144.2773
90.3877	0	90389	391437461	-39143.7461
90.3879	0	90389	39145375	-39145.375
90.388	0	90389	391468828	-39146.8828
90.3881	0	90389	391450195	-39145.0195
90.3882	0	90389	391450215	-39145.0215
90.3883	0	90389	391440938	-39144.0938
90.3884	0	90389	391445645	-39144.5645
90.3885	0	90390	391477227	-39147.7227
90.3886	0	90390	391492109	-39149.2109
90.3887	0	90390	391525469	-39152.5469
90.3888	0	90390	391556035	-39155.6035
90.3889	0	90390	391533418	-39153.3418
90.389	0	90390	391525332	-39152.5332
90.3891	0	90390	391571914	-39157.1914
90.3892	0	90390	391596465	-39159.6465
90.3893	0	90390	391576406	-39157.6406
90.3894	0	90390	391588438	-39158.8438
90.3895	0	90391	391659512	-39165.9512
90.3896	0	90391	391678594	-39167.8594
90.3897	0	90391	391672383	-39167.2383
90.3898	0	90391	39167752	-39167.752
90.3899	0	90391	391681641	-39168.1641
90.39	0	90391	391719746	-39171.9746
90.3901	0	90391	391723047	-39172.3047
90.3902	0	90391	391710215	-39171.0215
90.3903	0	90391	391715527	-39171.5527
90.3904	0	90391	391703516	-39170.3516
90.3905	0	90392	391680586	-39168.0586
90.3906	0	90392	391678047	-39167.8047
90.3907	0	90392	391700879	-39170.0879
90.3908	0	90392	39170248	-39170.248
90.3909	0	90392	391663047	-39166.3047
90.391	0	90392	391622344	-39162.2344
90.3911	0	90392	391606504	-39160.6504
90.3912	0	90392	391615703	-39161.5703
90.3913	0	90392	391615156	-39161.5156
90.3914	0	90392	391572188	-39157.2188
90.3915	0	90393	391565723	-39156.5723
90.3916	0	90393	391593125	-39159.3125
90.3917	0	90393	391599512	-39159.9512
90.3918	0	90393	391583965	-39158.3965
90.3919	0	90393	39158084	-39158.084
90.392	0	90393	391612168	-39161.2168
90.3921	0	90393	391632676	-39163.2676
90.3922	0	90393	391621816	-39162.1816
90.3923	0	90393	391590723	-39159.0723
90.3924	0	90393	391578945	-39157.8945
90.3925	0	90394	391582188	-39158.2188
90.3926	0	90394	391602383	-39160.2383
90.3927	0	90394	391619863	-39161.9863
90.3928	0	90394	39163668	-39163.668
90.3929	0	90394	391648887	-39164.8887
90.393	0	90394	391634277	-39163.4277
90.3931	0	90394	391641758	-39164.1758
90.3932	0	90394	391674844	-39167.4844
90.3933	0	90394	39170707	-39170.707
90.3934	0	90394	391676973	-39167.6973
90.3935	0	90395	391655234	-39165.5234
90.3936	0	90395	391688867	-39168.8867
90.3937	0	90395	391718027	-39171.8027
90.3938	0	90395	391734043	-39173.4043
90.3939	0	90395	391706562	-39170.6562
90.394	0	90395	391691367	-39169.1367
90.3941	0	90395	391730371	-39173.0371
90.3942	0	90395	391767285	-39176.7285
90.3943	0	90395	391774102	-39177.4102
90.3944	0	90395	391789922	-39178.9922
90.3945	0	90396	39181873	-39181.873
90.3946	0	90396	391840762	-39184.0762
90.3947	0	90396	391847285	-39184.7285
90.3948	0	90396	391850547	-39185.0547
90.3949	0	90396	391864707	-39186.4707
90.395	0	90396	391872109	-39187.2109
90.3951	0	90396	391854941	-39185.4941
90.3952	0	90396	391841035	-39184.1035
90.3953	0	90396	39186707	-39186.707
90.3954	0	90396	391895234	-39189.5234
90.3955	0	90397	391916465	-39191.6465
90.3956	0	90397	391895801	-39189.5801
90.3957	0	90397	391841348	-39184.1348
90.3958	0	90397	391799199	-39179.9199
90.3959	0	90397	391811582	-39181.1582
90.396	0	90397	391861875	-39186.1875
90.3961	0	90397	391888203	-39188.8203
90.3962	0	90397	39190627	-39190.627
90.3963	0	90397	391892637	-39189.2637
90.3964	0	90397	391910664	-39191.0664
90.3965	0	90398	391957598	-39195.7598
90.3966	0	90398	391949844	-39194.9844
90.3967	0	90398	391932285	-39193.2285
90.3968	0	90398	391928301	-39192.8301
90.3969	0	90398	391924863	-39192.4863
90.397	0	90398	391946055	-39194.6055
90.3971	0	90398	391984551	-39198.4551
90.3972	0	90398	392015195	-39201.5195
90.3973	0	90398	39202332	-39202.332
90.3974	0	90398	392015488	-39201.5488
90.3975	0	90399	392018789	-39201.8789
90.3976	0	90399	392022246	-39202.2246
90.3977	0	90399	392047988	-39204.7988
90.3978	0	90399	392058086	-39205.8086
90.3979	0	90399	392056484	-39205.6484
90.398	0	90399	392072422	-39207.2422
90.3981	0	90399	392047051	-39204.7051
90.3982	0	90399	392027012	-39202.7012
90.3983	0	90399	392041543	-39204.1543
90.3984	0	90399	392030527	-39203.0527
90.3985	0	90400	391992559	-39199.2559
90.3986	0	90400	391962441	-39196.2441
90.3987	0	90400	391924199	-39192.4199
90.3988	0	90400	391928926	-39192.8926
90.3989	0	90400	39194291	-39194.291
90.399	0	90400	391902695	-39190.2695
90.3991	0	90400	391877969	-39187.7969
90.3992	0	90400	391874844	-39187.4844
90.3993	0	90400	39186291	-39186.291
90.3994	0	90400	391842031	-39184.2031
90.3995	0	90401	391863398	-39186.3398
90.3996	0	90401	391886836	-39188.6836
90.3997	0	90401	391879023	-39187.9023
90.3998	0	90401	391880938	-39188.0938
90.3999	0	90401	391894922	-39189.4922
90.4	0	90401	391904238	-39190.4238
90.4001	0	90401	39189334	-39189.334
90.4002	0	90401	391910703	-39191.0703
90.4003	0	90401	391935527	-39193.5527
90.4004	0	90401	39194627	-39194.627
90.4005	0	90402	391959551	-39195.9551
90.4006	0	90402	391944883	-39194.4883
90.4007	0	90402	391901719	-39190.1719
90.4008	0	90402	39186666	-39186.666
90.4009	0	90402	391851602	-39185.1602
90.401	0	90402	39186748	-39186.748
90.4011	0	90402	391901816	-39190.1816
90.4012	0	90402	391910469	-39191.0469
90.4013	0	90402	391906211	-39190.6211
90.4014	0	90402	391909238	-39190.9238
90.4015	0	90403	391939336	-39193.9336
90.4016	0	90403	391945176	-39194.5176
90.4017	0	90403	391934824	-39193.4824
90.4018	0	90403	391935098	-39193.5098
90.4019	0	90403	391924609	-39192.4609
90.402	0	90403	391906797	-39190.6797
90.4021	0	90403	391873984	-39187.3984
90.4022	0	90403	391880938	-39188.0938
90.4023	0	90403	39189168	-39189.168
90.4024	0	90403	391880898	-39188.0898
90.4025	0	90404	391891816	-39189.1816
90.4026	0	90404	391905703	-39190.5703
90.4027	0	90404	39188457	-39188.457
90.4028	0	90404	391856152	-39185.6152
90.4029	0	90404	391847285	-39184.7285
90.403	0	90404	391838125	-39183.8125
90.4031	0	90404	391843105	-39184.3105
90.4032	0	90404	39184252	-39184.252
90.4033	0	90404	391829141	-39182.9141
90.4034	0	90404	391820879	-39182.0879
90.4035	0	90405	391796992	-39179.6992
90.4036	0	90405	391776094	-39177.6094
90.4037	0	90405	391767949	-39176.7949
90.4038	0	90405	391731992	-39173.1992
90.4039	0	90405	39173627	-39173.627
90.404	0	90405	391747363	-39174.7363
90.4041	0	90405	391709688	-39170.9688
90.4042	0	90405	391685332	-39168.5332
90.4043	0	90405	391663613	-39166.3613
90.4044	0	90405	391659082	-39165.9082
90.4045	0	90406	391664648	-39166.4648
90.4046	0	90406	391678984	-39167.8984
90.4047	0	90406	391674766	-39167.4766
90.4048	0	90406	391661289	-39166.1289
90.4049	0	90406	391677305	-39167.7305
90.405	0	90406	391669902	-39166.9902
90.4051	0	90406	391622812	-39162.2812
90.4052	0	90406	391584668	-39158.4668
90.4053	0	90406	391578027	-39157.8027
90.4054	0	90406	391546699	-39154.6699
90.4055	0	90407	391527363	-39152.7363
90.4056	0	90407	391558984	-39155.8984
90.4057	0	90407	391601289	-39160.1289
90.4058	0	90407	391612617	-39161.2617
90.4059	0	90407	391596289	-39159.6289
90.406	0	90407	391572188	-39157.2188
90.4061	0	90407	391563828	-39156.3828
90.4062	0	90407	391572852	-39157.2852
90.4063	0	90407	391566543	-39156.6543
90.4064	0	90407	391554609	-39155.4609
90.4065	0	90408	391514883	-39151.4883
90.4066	0	90408	39151209	-39151.209
90.4067	0	90408	391554902	-39155.4902
90.4068	0	90408	391567285	-39156.7285
90.4069	0	90408	39157125	-39157.125
90.407	0	90408	391557988	-39155.7988
90.4071	0	90408	391540664	-39154.0664
90.4072	0	90408	391548242	-39154.8242
90.4073	0	90408	391537207	-39153.7207
90.4074	0	90408	391526309	-39152.6309
90.4075	0	90409	391552852	-39155.2852
90.4076	0	90409	391567383	-39156.7383
90.4077	0	90409	391571621	-39157.1621
90.4078	0	90409	391574863	-39157.4863
90.4079	0	90409	391555312	-39155.5312
90.408	0	90409	391515762	-39151.5762
90.4081	0	90409	391487734	-39148.7734
90.4082	0	90409	391495176	-39149.5176
90.4083	0	90409	391494824	-39149.4824
90.4084	0	90409	391482422	-39148.2422
90.4085	0	90410	391475215	-39147.5215
90.4086	0	90410	391477148	-39147.7148
90.4087	0	90410	39147125	-39147.125
90.4088	0	90410	391459688	-39145.9688
90.4089	0	90410	39146125	-39146.125
90.409	0	90410	391445566	-39144.5566
90.4091	0	90410	39140877	-39140.877
90.4092	0	90410	39141293	-39141.293
90.4093	0	90410	39144127	-39144.127
90.4094	0	90410	391424102	-39142.4102
90.4095	0	90411	391417363	-39141.7363
90.4096	0	90411	39140416	-39140.416
90.4097	0	90411	391407363	-39140.7363
90.4098	0	90411	391449902	-39144.9902
90.4099	0	90411	391457285	-39145.7285
90.41	0	90411	391461387	-39146.1387
90.4101	0	90411	391462227	-39146.2227
90.4102	0	90411	391462031	-39146.2031
90.4103	0	90411	391483223	-39148.3223
90.4104	0	90411	391470898	-39147.0898
90.4105	0	90412	391431113	-39143.1113
90.4106	0	90412	391456914	-39145.6914
90.4107	0	90412	391517734	-39151.7734
90.4108	0	90412	391552578	-39155.2578
90.4109	0	90412	391570293	-39157.0293
90.411	0	90412	391570117	-39157.0117
90.4111	0	90412	391557109	-39155.7109
90.4112	0	90412	391513984	-39151.3984
90.4113	0	90412	39149	-39149
90.4114	0	90412	391514844	-39151.4844
90.4115	0	90413	391510625	-39151.0625
90.4116	0	90413	391499648	-39149.9648
90.4117	0	90413	391521367	-39152.1367
90.4118	0	90413	391521445	-39152.1445
90.4119	0	90413	391526484	-39152.6484
90.412	0	90413	391550215	-39155.0215
90.4121	0	90413	391563477	-39156.3477
90.4122	0	90413	391584414	-39158.4414
90.4123	0	90413	39157957	-39157.957
90.4124	0	90413	391555898	-39155.5898
90.4125	0	90414	391564004	-39156.4004
90.4126	0	90414	391591348	-39159.1348
90.4127	0	90414	391620547	-39162.0547
90.4128	0	90414	391680059	-39168.0059
90.4129	0	90414	391717656	-39171.7656
90.413	0	90414	391690859	-39169.0859
90.4131	0	90414	391678945	-39167.8945
90.4132	0	90414	39171125	-39171.125
90.4133	0	90414	391756562	-39175.6562
90.4134	0	90414	39175084	-39175.084
90.4135	0	90415	391718086	-39171.8086
90.4136	0	90415	39174209	-39174.209
90.4137	0	90415	391780176	-39178.0176
90.4138	0	90415	391797754	-39179.7754
90.4139	0	90415	391798301	-39179.8301
90.414	0	90415	39179957	-39179.957
90.4141	0	90415	391844551	-39184.4551
90.4142	0	90415	391872383	-39187.2383
90.4143	0	90415	391868652	-39186.8652
90.4144	0	90415	391898379	-39189.8379
90.4145	0	90416	391924219	-39192.4219
90.4146	0	90416	391930215	-39193.0215
90.4147	0	90416	391928496	-39192.8496
90.4148	0	90416	391907402	-39190.7402
90.4149	0	90416	391891855	-39189.1855
90.415	0	90416	391897969	-39189.7969
90.4151	0	90416	391918926	-39191.8926
90.4152	0	90416	391941191	-39194.1191
90.4153	0	90416	391961172	-39196.1172
90.4154	0	90416	391954277	-39195.4277
90.4155	0	90417	391945703	-39194.5703
90.4156	0	90417	391944062	-39194.4062
90.4157	0	90417	39193293	-39193.293
90.4158	0	90417	391912832	-39191.2832
90.4159	0	90417	391904199	-39190.4199
90.416	0	90417	39194043	-39194.043
90.4161	0	90417	391949434	-39194.9434
90.4162	0	90417	391941523	-39194.1523
90.4163	0	90417	391966855	-39196.6855
90.4164	0	90417	391977539	-39197.7539
90.4165	0	90418	391964395	-39196.4395
90.4166	0	90418	391980918	-39198.0918
90.4167	0	90418	391982305	-39198.2305
90.4168	0	90418	391934082	-39193.4082
90.4169	0	90418	391903496	-39190.3496
90.417	0	90418	391878008	-39187.8008
90.4171	0	90418	391856367	-39185.6367
90.4172	0	90418	391870684	-39187.0684
90.4173	0	90418	391880957	-39188.0957
90.4174	0	90418	391859512	-39185.9512
90.4175	0	90419	39182209	-39182.209
90.4176	0	90419	391769355	-39176.9355
90.4177	0	90419	391757852	-39175.7852
90.4178	0	90419	391774492	-39177.4492
90.4179	0	90419	391777754	-39177.7754
90.418	0	90419	391783516	-39178.3516
90.4181	0	90419	391768711	-39176.8711
90.4182	0	90419	391765547	-39176.5547
90.4183	0	90419	391780234	-39178.0234
90.4184	0	90419	39180	-39180
90.4185	0	90420	391795156	-39179.5156
90.4186	0	90420	391759199	-39175.9199
90.4187	0	90420	391741543	-39174.1543
90.4188	0	90420	391762656	-39176.2656
90.4189	0	90420	391779336	-39177.9336
90.419	0	90420	391800703	-39180.0703
90.4191	0	90420	391846523	-39184.6523
90.4192	0	90420	391846074	-39184.6074
90.4193	0	90420	391833574	-39183.3574
90.4194	0	90420	391866895	-39186.6895
90.4195	0	90421	391937734	-39193.7734
90.4196	0	90421	391973828	-39197.3828
90.4197	0	90421	391989785	-39198.9785
90.4198	0	90421	392019668	-39201.9668
90.4199	0	90421	392045371	-39204.5371
90.42	0	90421	392089355	-39208.9355
90.4201	0	90421	392117598	-39211.7598
90.4202	0	90421	392142168	-39214.2168
90.4203	0	90421	392142207	-39214.2207
90.4204	0	90421	392130312	-39213.0312
90.4205	0	90422	392161992	-39216.1992
90.4206	0	90422	392152402	-39215.2402
90.4207	0	90422	392110117	-39211.0117
90.4208	0	90422	392102051	-39210.2051
90.4209	0	90422	392099023	-39209.9023
90.421	0	90422	392089238	-39208.9238
90.4211	0	90422	392089297	-39208.9297
90.4212	0	90422	39210832	-39210.832
90.4213	0	90422	392119297	-39211.9297
90.4214	0	90422	392089375	-39208.9375
90.4215	0	90423	392073164	-39207.3164
90.4216	0	90423	392090898	-39209.0898
90.4217	0	90423	392088555	-39208.8555
90.4218	0	90423	392055918	-39205.5918
90.4219	0	90423	392049258	-39204.9258
90.422	0	90423	392052832	-39205.2832
90.4221	0	90423	392017402	-39201.7402
90.4222	0	90423	392014141	-39201.4141
90.4223	0	90423	392010977	-39201.0977
90.4224	0	90423	391992148	-39199.2148
90.4225	0	90424	391994219	-39199.4219
90.4226	0	90424	391977715	-39197.7715
90.4227	0	90424	391960859	-39196.0859
90.4228	0	90424	391953809	-39195.3809
90.4229	0	90424	391931699	-39193.1699
90.423	0	90424	391917617	-39191.7617
90.4231	0	90424	391905723	-39190.5723
90.4232	0	90424	391887617	-39188.7617
90.4233	0	90424	391874375	-39187.4375
90.4234	0	90424	39184291	-39184.291
90.4235	0	90425	391824727	-39182.4727
90.4236	0	90425	391829355	-39182.9355
90.4237	0	90425	391840527	-39184.0527
90.4238	0	90425	391825078	-39182.5078
90.4239	0	90425	391820605	-39182.0605
90.424	0	90425	391825625	-39182.5625
90.4241	0	90425	391774688	-39177.4688
90.4242	0	90425	391747617	-39174.7617
90.4243	0	90425	391741309	-39174.1309
90.4244	0	90425	391717422	-39171.7422
90.4245	0	90426	391704121	-39170.4121
90.4246	0	90426	391721758	-39172.1758
90.4247	0	90426	391733945	-39173.3945
90.4248	0	90426	391716172	-39171.6172
90.4249	0	90426	391716602	-39171.6602
90.425	0	90426	391707832	-39170.7832
90.4251	0	90426	391695195	-39169.5195
90.4252	0	90426	391707148	-39170.7148
90.4253	0	90426	391704238	-39170.4238
90.4254	0	90426	391672949	-39167.2949
90.4255	0	90427	391658496	-39165.8496
90.4256	0	90427	391663164	-39166.3164
90.4257	0	90427	391681309	-39168.1309
90.4258	0	90427	391701875	-39170.1875
90.4259	0	90427	391694883	-39169.4883
90.426	0	90427	391678184	-39167.8184
90.4261	0	90427	391703184	-39170.3184
90.4262	0	90427	391738828	-39173.8828
90.4263	0	90427	391702266	-39170.2266
90.4264	0	90427	391683457	-39168.3457
90.4265	0	90428	391646914	-39164.6914
90.4266	0	90428	391581797	-39158.1797
90.4267	0	90428	391598008	-39159.8008
90.4268	0	90428	391612637	-39161.2637
90.4269	0	90428	391605391	-39160.5391
90.427	0	90428	391584785	-39158.4785
90.4271	0	90428	391565254	-39156.5254
90.4272	0	90428	391576465	-39157.6465
90.4273	0	90428	391564473	-39156.4473
90.4274	0	90428	391552422	-39155.2422
90.4275	0	90429	391551348	-39155.1348
90.4276	0	90429	391538516	-39153.8516
90.4277	0	90429	391548496	-39154.8496
90.4278	0	90429	391528867	-39152.8867
90.4279	0	90429	391494629	-39149.4629
90.428	0	90429	391507969	-39150.7969
90.4281	0	90429	391520742	-39152.0742
90.4282	0	90429	391525586	-39152.5586
90.4283	0	90429	391532871	-39153.2871
90.4284	0	90429	391544434	-39154.4434
90.4285	0	90430	391539062	-39153.9062
90.4286	0	90430	391537773	-39153.7773
90.4287	0	90430	391568711	-39156.8711
90.4288	0	90430	391600723	-39160.0723
90.4289	0	90430	391567168	-39156.7168
90.429	0	90430	391509082	-39150.9082
90.4291	0	90430	391520391	-39152.0391
90.4292	0	90430	391537734	-39153.7734
90.4293	0	90430	39155209	-39155.209
90.4294	0	90430	391552891	-39155.2891
90.4295	0	90431	39152168	-39152.168
90.4296	0	90431	391501797	-39150.1797
90.4297	0	90431	391515117	-39151.5117
90.4298	0	90431	391528848	-39152.8848
90.4299	0	90431	391499844	-39149.9844
90.43	0	90431	391483164	-39148.3164
90.4301	0	90431	391493457	-39149.3457
90.4302	0	90431	391507031	-39150.7031
90.4303	0	90431	391516953	-39151.6953
90.4304	0	90431	391508008	-39150.8008
90.4305	0	90432	391503105	-39150.3105
90.4306	0	90432	391525371	-39152.5371
90.4307	0	90432	391530137	-39153.0137
90.4308	0	90432	391535098	-39153.5098
90.4309	0	90432	391557539	-39155.7539
90.431	0	90432	39155916	-39155.916
90.4311	0	90432	391559102	-39155.9102
90.4312	0	90432	391555645	-39155.5645
90.4313	0	90432	391571797	-39157.1797
90.4314	0	90432	39160332	-39160.332
90.4315	0	90433	391615273	-39161.5273
90.4316	0	90433	391620586	-39162.0586
90.4317	0	90433	391652812	-39165.2812
90.4318	0	90433	391684609	-39168.4609
90.4319	0	90433	391688457	-39168.8457
90.432	0	90433	391678574	-39167.8574
90.4321	0	90433	391679355	-39167.9355
90.4322	0	90433	391730332	-39173.0332
90.4323	0	90433	391757988	-39175.7988
90.4324	0	90433	391739785	-39173.9785
90.4325	0	90434	391730332	-39173.0332
90.4326	0	90434	391736289	-39173.6289
90.4327	0	90434	391705391	-39170.5391
90.4328	0	90434	391687969	-39168.7969
90.4329	0	90434	391744824	-39174.4824
90.433	0	90434	391768906	-39176.8906
90.4331	0	90434	39176209	-39176.209
90.4332	0	90434	391789648	-39178.9648
90.4333	0	90434	391804375	-39180.4375
90.4334	0	90434	391774453	-39177.4453
90.4335	0	90435	391768672	-39176.8672
90.4336	0	90435	391782109	-39178.2109
90.4337	0	90435	391777715	-39177.7715
90.4338	0	90435	391787285	-39178.7285
90.4339	0	90435	39180748	-39180.748
90.434	0	90435	391799863	-39179.9863
90.4341	0	90435	391826133	-39182.6133
90.4342	0	90435	391878848	-39187.8848
90.4343	0	90435	39186584	-39186.584
90.4344	0	90435	391858379	-39185.8379
90.4345	0	90436	391861602	-39186.1602
90.4346	0	90436	391876602	-39187.6602
90.4347	0	90436	391918867	-39191.8867
90.4348	0	90436	391929688	-39192.9688
90.4349	0	90436	391931484	-39193.1484
90.435	0	90436	391944766	-39194.4766
90.4351	0	90436	39195207	-39195.207
90.4352	0	90436	391947559	-39194.7559
90.4353	0	90436	391973691	-39197.3691
90.4354	0	90436	392006055	-39200.6055
90.4355	0	90437	392028164	-39202.8164
90.4356	0	90437	392039043	-39203.9043
90.4357	0	90437	392037109	-39203.7109
90.4358	0	90437	392040371	-39204.0371
90.4359	0	90437	39203	-39203
90.436	0	90437	392037832	-39203.7832
90.4361	0	90437	392061543	-39206.1543
90.4362	0	90437	392083008	-39208.3008
90.4363	0	90437	392099141	-39209.9141
90.4364	0	90437	392102109	-39210.2109
90.4365	0	90438	392101387	-39210.1387
90.4366	0	90438	392106895	-39210.6895
90.4367	0	90438	392093477	-39209.3477
90.4368	0	90438	392078164	-39207.8164
90.4369	0	90438	39206293	-39206.293
90.437	0	90438	392048398	-39204.8398
90.4371	0	90438	392064238	-39206.4238
90.4372	0	90438	39208125	-39208.125
90.4373	0	90438	392097734	-39209.7734
90.4374	0	90438	392096445	-39209.6445
90.4375	0	90439	392090723	-39209.0723
90.4376	0	90439	392068086	-39206.8086
90.4377	0	90439	392046074	-39204.6074
90.4378	0	90439	392051445	-39205.1445
90.4379	0	90439	39204791	-39204.791
90.438	0	90439	392038867	-39203.8867
90.4381	0	90439	392027617	-39202.7617
90.4382	0	90439	392047656	-39204.7656
90.4383	0	90439	392037402	-39203.7402
90.4384	0	90439	392001621	-39200.1621
90.4385	0	90440	392004102	-39200.4102
90.4386	0	90440	392014707	-39201.4707
90.4387	0	90440	391999648	-39199.9648
90.4388	0	90440	391996855	-39199.6855
90.4389	0	90440	392016348	-39201.6348
90.439	0	90440	392009688	-39200.9688
90.4391	0	90440	392019355	-39201.9355
90.4392	0	90440	392035059	-39203.5059
90.4393	0	90440	392039023	-39203.9023
90.4394	0	90440	392038672	-39203.8672
90.4395	0	90441	392061992	-39206.1992
90.4396	0	90441	392076426	-39207.6426
90.4397	0	90441	392032598	-39203.2598
90.4398	0	90441	392002656	-39200.2656
90.4399	0	90441	392022402	-39202.2402
90.44	0	90441	392049902	-39204.9902
90.4401	0	90441	392052598	-39205.2598
90.4402	0	90441	392061973	-39206.1973
90.4403	0	90441	392059844	-39205.9844
90.4404	0	90441	392051543	-39205.1543
90.4405	0	90442	39207373	-39207.373
90.4406	0	90442	392065508	-39206.5508
90.4407	0	90442	39201793	-39201.793
90.4408	0	90442	391999355	-39199.9355
90.4409	0	90442	39199834	-39199.834
90.441	0	90442	391994785	-39199.4785
90.4411	0	90442	391966895	-39196.6895
90.4412	0	90442	391921211	-39192.1211
90.4413	0	90442	391929141	-39192.9141
90.4414	0	90442	391917812	-39191.7812
90.4415	0	90443	391899512	-39189.9512
90.4416	0	90443	39190168	-39190.168
90.4417	0	90443	391875898	-39187.5898
90.4418	0	90443	391852871	-39185.2871
90.4419	0	90443	39184584	-39184.584
90.442	0	90443	39184832	-39184.832
90.4421	0	90443	391828398	-39182.8398
90.4422	0	90443	391823691	-39182.3691
90.4423	0	90443	39182377	-39182.377
90.4424	0	90443	391811328	-39181.1328
90.4425	0	90444	391790488	-39179.0488
90.4426	0	90444	391776426	-39177.6426
90.4427	0	90444	391786816	-39178.6816
90.4428	0	90444	391788164	-39178.8164
90.4429	0	90444	391785938	-39178.5938
90.443	0	90444	391772891	-39177.2891
90.4431	0	90444	391748164	-39174.8164
90.4432	0	90444	391733262	-39173.3262
90.4433	0	90444	391738809	-39173.8809
90.4434	0	90444	391745293	-39174.5293
90.4435	0	90445	391758613	-39175.8613
90.4436	0	90445	391746035	-39174.6035
90.4437	0	90445	391743691	-39174.3691
90.4438	0	90445	391774785	-39177.4785
90.4439	0	90445	391766289	-39176.6289
90.444	0	90445	391758789	-39175.8789
90.4441	0	90445	391770879	-39177.0879
90.4442	0	90445	391763203	-39176.3203
90.4443	0	90445	391734043	-39173.4043
90.4444	0	90445	391724082	-39172.4082
90.4445	0	90446	391705605	-39170.5605
90.4446	0	90446	391688945	-39168.8945
90.4447	0	90446	391692773	-39169.2773
90.4448	0	90446	391688418	-39168.8418
90.4449	0	90446	391679805	-39167.9805
90.445	0	90446	391660586	-39166.0586
90.4451	0	90446	391666113	-39166.6113
90.4452	0	90446	391671348	-39167.1348
90.4453	0	90446	391674141	-39167.4141
90.4454	0	90446	391671074	-39167.1074
90.4455	0	90447	391660078	-39166.0078
90.4456	0	90447	391650684	-39165.0684
90.4457	0	90447	391649609	-39164.9609
90.4458	0	90447	391675293	-39167.5293
90.4459	0	90447	391699121	-39169.9121
90.446	0	90447	391693848	-39169.3848
90.4461	0	90447	391664336	-39166.4336
90.4462	0	90447	391661211	-39166.1211
90.4463	0	90447	391652031	-39165.2031
90.4464	0	90447	391652012	-39165.2012
90.4465	0	90448	391644395	-39164.4395
90.4466	0	90448	391602637	-39160.2637
90.4467	0	90448	391581133	-39158.1133
90.4468	0	90448	391571914	-39157.1914
90.4469	0	90448	391590762	-39159.0762
90.447	0	90448	391577988	-39157.7988
90.4471	0	90448	391504629	-39150.4629
90.4472	0	90448	391483672	-39148.3672
90.4473	0	90448	391488594	-39148.8594
90.4474	0	90448	391445742	-39144.5742
90.4475	0	90449	39144584	-39144.584
90.4476	0	90449	391476738	-39147.6738
90.4477	0	90449	391467656	-39146.7656
90.4478	0	90449	391443574	-39144.3574
90.4479	0	90449	391433145	-39143.3145
90.448	0	90449	391423008	-39142.3008
90.4481	0	90449	391396055	-39139.6055
90.4482	0	90449	391390488	-39139.0488
90.4483	0	90449	391387988	-39138.7988
90.4484	0	90449	391388203	-39138.8203
90.4485	0	90450	391387852	-39138.7852
90.4486	0	90450	391392539	-39139.2539
90.4487	0	90450	391402363	-39140.2363
90.4488	0	90450	391402734	-39140.2734
90.4489	0	90450	391397305	-39139.7305
90.449	0	90450	391389453	-39138.9453
90.4491	0	90450	391396484	-39139.6484
90.4492	0	90450	391392266	-39139.2266
90.4493	0	90450	391410371	-39141.0371
90.4494	0	90450	391433691	-39143.3691
90.4495	0	90451	391458965	-39145.8965
90.4496	0	90451	391471289	-39147.1289
90.4497	0	90451	391455898	-39145.5898
90.4498	0	90451	391459258	-39145.9258
90.4499	0	90451	391495098	-39149.5098
90.45	0	90451	391552324	-39155.2324
90.4501	0	90451	391537246	-39153.7246
90.4502	0	90451	391502305	-39150.2305
90.4503	0	90451	391519902	-39151.9902
90.4504	0	90451	391545078	-39154.5078
90.4505	0	90452	39153457	-39153.457
90.4506	0	90452	391525508	-39152.5508
90.4507	0	90452	391545723	-39154.5723
90.4508	0	90452	391568438	-39156.8438
90.4509	0	90452	391583652	-39158.3652
90.451	0	90452	391553652	-39155.3652
90.4511	0	90452	391519766	-39151.9766
90.4512	0	90452	391495273	-39149.5273
90.4513	0	90452	391475547	-39147.5547
90.4514	0	90452	391459648	-39145.9648
90.4515	0	90453	391433418	-39143.3418
90.4516	0	90453	39140998	-39140.998
90.4517	0	90453	391402461	-39140.2461
90.4518	0	90453	391417871	-39141.7871
90.4519	0	90453	391439922	-39143.9922
90.452	0	90453	391445879	-39144.5879
90.4521	0	90453	391453008	-39145.3008
90.4522	0	90453	391486582	-39148.6582
90.4523	0	90453	391488867	-39148.8867
90.4524	0	90453	391477148	-39147.7148
90.4525	0	90454	391461055	-39146.1055
90.4526	0	90454	391446777	-39144.6777
90.4527	0	90454	391475449	-39147.5449
90.4528	0	90454	391499609	-39149.9609
90.4529	0	90454	391509668	-39150.9668
90.453	0	90454	391521719	-39152.1719
90.4531	0	90454	391536543	-39153.6543
90.4532	0	90454	391555547	-39155.5547
90.4533	0	90454	391552656	-39155.2656
90.4534	0	90454	39154584	-39154.584
90.4535	0	90455	391551016	-39155.1016
90.4536	0	90455	391547148	-39154.7148
90.4537	0	90455	391556289	-39155.6289
90.4538	0	90455	391561328	-39156.1328
90.4539	0	90455	391564922	-39156.4922
90.454	0	90455	391588242	-39158.8242
90.4541	0	90455	391623125	-39162.3125
90.4542	0	90455	391675898	-39167.5898
90.4543	0	90455	391735449	-39173.5449
90.4544	0	90455	391771074	-39177.1074
90.4545	0	90456	391790312	-39179.0312
90.4546	0	90456	391819707	-39181.9707
90.4547	0	90456	39182291	-39182.291
90.4548	0	90456	391843848	-39184.3848
90.4549	0	90456	391886582	-39188.6582
90.455	0	90456	391875586	-39187.5586
90.4551	0	90456	391876621	-39187.6621
90.4552	0	90456	391911367	-39191.1367
90.4553	0	90456	391939375	-39193.9375
90.4554	0	90456	39195416	-39195.416
90.4555	0	90457	391994629	-39199.4629
90.4556	0	90457	392055742	-39205.5742
90.4557	0	90457	392057168	-39205.7168
90.4558	0	90457	392005195	-39200.5195
90.4559	0	90457	391984043	-39198.4043
90.456	0	90457	392023574	-39202.3574
90.4561	0	90457	392050898	-39205.0898
90.4562	0	90457	392042383	-39204.2383
90.4563	0	90457	392036465	-39203.6465
90.4564	0	90457	392037422	-39203.7422
90.4565	0	90458	392030195	-39203.0195
90.4566	0	90458	392027188	-39202.7188
90.4567	0	90458	392029043	-39202.9043
90.4568	0	90458	392044746	-39204.4746
90.4569	0	90458	392050215	-39205.0215
90.457	0	90458	392025293	-39202.5293
90.4571	0	90458	39201877	-39201.877
90.4572	0	90458	39201043	-39201.043
90.4573	0	90458	392010293	-39201.0293
90.4574	0	90458	392039219	-39203.9219
90.4575	0	90459	392071328	-39207.1328
90.4576	0	90459	392078477	-39207.8477
90.4577	0	90459	392101973	-39210.1973
90.4578	0	90459	392137676	-39213.7676
90.4579	0	90459	392126602	-39212.6602
90.458	0	90459	392133672	-39213.3672
90.4581	0	90459	392137969	-39213.7969
90.4582	0	90459	39212918	-39212.918
90.4583	0	90459	392125273	-39212.5273
90.4584	0	90459	392112227	-39211.2227
90.4585	0	90460	392103418	-39210.3418
90.4586	0	90460	392079258	-39207.9258
90.4587	0	90460	392049199	-39204.9199
90.4588	0	90460	392036602	-39203.6602
90.4589	0	90460	392035996	-39203.5996
90.459	0	90460	392030449	-39203.0449
90.4591	0	90460	392031699	-39203.1699
90.4592	0	90460	39203541	-39203.541
90.4593	0	90460	392023223	-39202.3223
90.4594	0	90460	391990508	-39199.0508
90.4595	0	90461	391976758	-39197.6758
90.4596	0	90461	392000059	-39200.0059
90.4597	0	90461	392026133	-39202.6133
90.4598	0	90461	392043652	-39204.3652
90.4599	0	90461	392042773	-39204.2773
90.46	0	90461	392040156	-39204.0156
90.4601	0	90461	392041992	-39204.1992
90.4602	0	90461	392060586	-39206.0586
90.4603	0	90461	392084668	-39208.4668
90.4604	0	90461	392064512	-39206.4512
90.4605	0	90462	392034004	-39203.4004
90.4606	0	90462	392050723	-39205.0723
90.4607	0	90462	392047441	-39204.7441
90.4608	0	90462	392013438	-39201.3438
90.4609	0	90462	392014238	-39201.4238
90.461	0	90462	391999375	-39199.9375
90.4611	0	90462	391985195	-39198.5195
90.4612	0	90462	39198334	-39198.334
90.4613	0	90462	391997793	-39199.7793
90.4614	0	90462	392018223	-39201.8223
90.4615	0	90463	39200832	-39200.832
90.4616	0	90463	391993691	-39199.3691
90.4617	0	90463	391984805	-39198.4805
90.4618	0	90463	391980996	-39198.0996
90.4619	0	90463	391989961	-39198.9961
90.462	0	90463	391987773	-39198.7773
90.4621	0	90463	391948301	-39194.8301
90.4622	0	90463	391937559	-39193.7559
90.4623	0	90463	391923457	-39192.3457
90.4624	0	90463	391922871	-39192.2871
90.4625	0	90464	391961934	-39196.1934
90.4626	0	90464	391950684	-39195.0684
90.4627	0	90464	391896777	-39189.6777
90.4628	0	90464	391869727	-39186.9727
90.4629	0	90464	391886719	-39188.6719
90.463	0	90464	391888555	-39188.8555
90.4631	0	90464	39185373	-39185.373
90.4632	0	90464	391834883	-39183.4883
90.4633	0	90464	391850801	-39185.0801
90.4634	0	90464	391833906	-39183.3906
90.4635	0	90465	391818848	-39181.8848
90.4636	0	90465	391843027	-39184.3027
90.4637	0	90465	391839492	-39183.9492
90.4638	0	90465	391817559	-39181.7559
90.4639	0	90465	39181916	-39181.916
90.464	0	90465	391835352	-39183.5352
90.4641	0	90465	391826094	-39182.6094
90.4642	0	90465	391791328	-39179.1328
90.4643	0	90465	391743086	-39174.3086
90.4644	0	90465	391707637	-39170.7637
90.4645	0	90466	391690762	-39169.0762
90.4646	0	90466	391666816	-39166.6816
90.4647	0	90466	391661172	-39166.1172
90.4648	0	90466	391665117	-39166.5117
90.4649	0	90466	391640449	-39164.0449
90.465	0	90466	391616738	-39161.6738
90.4651	0	90466	391635	-39163.5
90.4652	0	90466	391648105	-39164.8105
90.4653	0	90466	391635879	-39163.5879
90.4654	0	90466	391622168	-39162.2168
90.4655	0	90467	391618887	-39161.8887
90.4656	0	90467	391596875	-39159.6875
90.4657	0	90467	391588359	-39158.8359
90.4658	0	90467	391620684	-39162.0684
90.4659	0	90467	391640762	-39164.0762
90.466	0	90467	391662363	-39166.2363
90.4661	0	90467	391652988	-39165.2988
90.4662	0	90467	391628711	-39162.8711
90.4663	0	90467	391599395	-39159.9395
90.4664	0	90467	391566367	-39156.6367
90.4665	0	90468	391557383	-39155.7383
90.4666	0	90468	391520938	-39152.0938
90.4667	0	90468	391499844	-39149.9844
90.4668	0	90468	391522051	-39152.2051
90.4669	0	90468	391529941	-39152.9941
90.467	0	90468	391545078	-39154.5078
90.4671	0	90468	391585059	-39158.5059
90.4672	0	90468	391601289	-39160.1289
90.4673	0	90468	391591191	-39159.1191
90.4674	0	90468	391562715	-39156.2715
90.4675	0	90469	391548574	-39154.8574
90.4676	0	90469	391559922	-39155.9922
90.4677	0	90469	391566504	-39156.6504
90.4678	0	90469	391555234	-39155.5234
90.4679	0	90469	391543105	-39154.3105
90.468	0	90469	391553066	-39155.3066
90.4681	0	90469	39153832	-39153.832
90.4682	0	90469	391523633	-39152.3633
90.4683	0	90469	391513359	-39151.3359
90.4684	0	90469	391499746	-39149.9746
90.4685	0	90470	391525273	-39152.5273
90.4686	0	90470	391552559	-39155.2559
90.4687	0	90470	391539023	-39153.9023
90.4688	0	90470	391513906	-39151.3906
90.4689	0	90470	391523047	-39152.3047
90.469	0	90470	39152791	-39152.791
90.4691	0	90470	391511543	-39151.1543
90.4692	0	90470	391514727	-39151.4727
90.4693	0	90470	391527754	-39152.7754
90.4694	0	90470	391511348	-39151.1348
90.4695	0	90471	391498633	-39149.8633
90.4696	0	90471	391515957	-39151.5957
90.4697	0	90471	391525215	-39152.5215
90.4698	0	90471	391521191	-39152.1191
90.4699	0	90471	391542539	-39154.2539
90.47	0	90471	391550449	-39155.0449
90.4701	0	90471	391532969	-39153.2969
90.4702	0	90471	391563965	-39156.3965
90.4703	0	90471	391564883	-39156.4883
90.4704	0	90471	391547988	-39154.7988
90.4705	0	90472	391547695	-39154.7695
90.4706	0	90472	391551387	-39155.1387
90.4707	0	90472	391596973	-39159.6973
90.4708	0	90472	391633027	-39163.3027
90.4709	0	90472	391689355	-39168.9355
90.471	0	90472	391739199	-39173.9199
90.4711	0	90472	391718965	-39171.8965
90.4712	0	90472	39169125	-39169.125
90.4713	0	90472	391690723	-39169.0723
90.4714	0	90472	391680488	-39168.0488
90.4715	0	90473	391666699	-39166.6699
90.4716	0	90473	391643828	-39164.3828
90.4717	0	90473	391617773	-39161.7773
90.4718	0	90473	391624805	-39162.4805
90.4719	0	90473	391661602	-39166.1602
90.472	0	90473	391699473	-39169.9473
90.4721	0	90473	391676797	-39167.6797
90.4722	0	90473	39167375	-39167.375
90.4723	0	90473	391705645	-39170.5645
90.4724	0	90473	391717109	-39171.7109
90.4725	0	90474	391720547	-39172.0547
90.4726	0	90474	391710176	-39171.0176
90.4727	0	90474	391707285	-39170.7285
90.4728	0	90474	391715996	-39171.5996
90.4729	0	90474	391743027	-39174.3027
90.473	0	90474	391783008	-39178.3008
90.4731	0	90474	391788613	-39178.8613
90.4732	0	90474	391745879	-39174.5879
90.4733	0	90474	391746328	-39174.6328
90.4734	0	90474	391789941	-39178.9941
90.4735	0	90475	391807695	-39180.7695
90.4736	0	90475	391784043	-39178.4043
90.4737	0	90475	391770039	-39177.0039
90.4738	0	90475	39180457	-39180.457
90.4739	0	90475	391821152	-39182.1152
90.474	0	90475	391838203	-39183.8203
90.4741	0	90475	391854531	-39185.4531
90.4742	0	90475	391853594	-39185.3594
90.4743	0	90475	391873066	-39187.3066
90.4744	0	90475	391916895	-39191.6895
90.4745	0	90476	391932832	-39193.2832
90.4746	0	90476	391908711	-39190.8711
90.4747	0	90476	391919609	-39191.9609
90.4748	0	90476	391941875	-39194.1875
90.4749	0	90476	391910586	-39191.0586
90.475	0	90476	391890488	-39189.0488
90.4751	0	90476	39193666	-39193.666
90.4752	0	90476	391960371	-39196.0371
90.4753	0	90476	391969434	-39196.9434
90.4754	0	90476	391985273	-39198.5273
90.4755	0	90477	392002266	-39200.2266
90.4756	0	90477	39203	-39203
90.4757	0	90477	392026328	-39202.6328
90.4758	0	90477	39199377	-39199.377
90.4759	0	90477	391978223	-39197.8223
90.476	0	90477	392011699	-39201.1699
90.4761	0	90477	392016602	-39201.6602
90.4762	0	90477	391985566	-39198.5566
90.4763	0	90477	391961523	-39196.1523
90.4764	0	90477	391947559	-39194.7559
90.4765	0	90478	391960488	-39196.0488
90.4766	0	90478	391995273	-39199.5273
90.4767	0	90478	392024062	-39202.4062
90.4768	0	90478	392028789	-39202.8789
90.4769	0	90478	392012441	-39201.2441
90.477	0	90478	39197166	-39197.166
90.4771	0	90478	391978926	-39197.8926
90.4772	0	90478	392025156	-39202.5156
90.4773	0	90478	392023398	-39202.3398
90.4774	0	90478	392015664	-39201.5664
90.4775	0	90479	392057988	-39205.7988
90.4776	0	90479	392085352	-39208.5352
90.4777	0	90479	392073164	-39207.3164
90.4778	0	90479	392082656	-39208.2656
90.4779	0	90479	392112266	-39211.2266
90.478	0	90479	392120195	-39212.0195
90.4781	0	90479	392113574	-39211.3574
90.4782	0	90479	392130625	-39213.0625
90.4783	0	90479	392123965	-39212.3965
90.4784	0	90479	392111777	-39211.1777
90.4785	0	90480	39210959	-39210.959
90.4786	0	90480	392110449	-39211.0449
90.4787	0	90480	392108477	-39210.8477
90.4788	0	90480	392065645	-39206.5645
90.4789	0	90480	392054492	-39205.4492
90.479	0	90480	392076172	-39207.6172
90.4791	0	90480	39207502	-39207.502
90.4792	0	90480	392051953	-39205.1953
90.4793	0	90480	392016328	-39201.6328
90.4794	0	90480	391957461	-39195.7461
90.4795	0	90481	39197168	-39197.168
90.4796	0	90481	392021992	-39202.1992
90.4797	0	90481	392004121	-39200.4121
90.4798	0	90481	391993867	-39199.3867
90.4799	0	90481	391997148	-39199.7148
90.48	0	90481	392022578	-39202.2578
90.4801	0	90481	392040723	-39204.0723
90.4802	0	90481	392044336	-39204.4336
90.4803	0	90481	392054062	-39205.4062
90.4804	0	90481	392058965	-39205.8965
90.4805	0	90482	392074473	-39207.4473
90.4806	0	90482	392085195	-39208.5195
90.4807	0	90482	392082715	-39208.2715
90.4808	0	90482	392073125	-39207.3125
90.4809	0	90482	392063398	-39206.3398
90.481	0	90482	392039434	-39203.9434
90.4811	0	90482	392028574	-39202.8574
90.4812	0	90482	392039648	-39203.9648
90.4813	0	90482	392064219	-39206.4219
90.4814	0	90482	392081445	-39208.1445
90.4815	0	90483	392060762	-39206.0762
90.4816	0	90483	392047227	-39204.7227
90.4817	0	90483	392023242	-39202.3242
90.4818	0	90483	391983496	-39198.3496
90.4819	0	90483	391980938	-39198.0938
90.482	0	90483	391986953	-39198.6953
90.4821	0	90483	391984961	-39198.4961
90.4822	0	90483	391958086	-39195.8086
90.4823	0	90483	391880703	-39188.0703
90.4824	0	90483	391873418	-39187.3418
90.4825	0	90484	391892539	-39189.2539
90.4826	0	90484	391866641	-39186.6641
90.4827	0	90484	391874824	-39187.4824
90.4828	0	90484	391869688	-39186.9688
90.4829	0	90484	391829355	-39182.9355
90.483	0	90484	391791895	-39179.1895
90.4831	0	90484	391789648	-39178.9648
90.4832	0	90484	391786738	-39178.6738
90.4833	0	90484	391783379	-39178.3379
90.4834	0	90484	391779648	-39177.9648
90.4835	0	90485	391776914	-39177.6914
90.4836	0	90485	391773574	-39177.3574
90.4837	0	90485	391746523	-39174.6523
90.4838	0	90485	391787969	-39178.7969
90.4839	0	90485	391807383	-39180.7383
90.484	0	90485	391771719	-39177.1719
90.4841	0	90485	391795703	-39179.5703
90.4842	0	90485	391800723	-39180.0723
90.4843	0	90485	391764141	-39176.4141
90.4844	0	90485	391789023	-39178.9023
90.4845	0	90486	391816426	-39181.6426
90.4846	0	90486	391804531	-39180.4531
90.4847	0	90486	391800156	-39180.0156
90.4848	0	90486	3917775	-39177.75
90.4849	0	90486	391785391	-39178.5391
90.485	0	90486	39180877	-39180.877
90.4851	0	90486	391795566	-39179.5566
90.4852	0	90486	391783672	-39178.3672
90.4853	0	90486	391796035	-39179.6035
90.4854	0	90486	391778438	-39177.8438
90.4855	0	90487	391746992	-39174.6992
90.4856	0	90487	391729082	-39172.9082
90.4857	0	90487	39170293	-39170.293
90.4858	0	90487	391734102	-39173.4102
90.4859	0	90487	391769434	-39176.9434
90.486	0	90487	39175541	-39175.541
90.4861	0	90487	391735723	-39173.5723
90.4862	0	90487	391704238	-39170.4238
90.4863	0	90487	391668008	-39166.8008
90.4864	0	90487	391660527	-39166.0527
90.4865	0	90488	391646504	-39164.6504
90.4866	0	90488	39163	-39163
90.4867	0	90488	391626289	-39162.6289
90.4868	0	90488	391603262	-39160.3262
90.4869	0	90488	39159416	-39159.416
90.487	0	90488	391595605	-39159.5605
90.4871	0	90488	391598496	-39159.8496
90.4872	0	90488	391608887	-39160.8887
90.4873	0	90488	391603418	-39160.3418
90.4874	0	90488	391557188	-39155.7188
90.4875	0	90489	391529258	-39152.9258
90.4876	0	90489	391546562	-39154.6562
90.4877	0	90489	391540605	-39154.0605
90.4878	0	90489	391533223	-39153.3223
90.4879	0	90489	391522969	-39152.2969
90.488	0	90489	391485742	-39148.5742
90.4881	0	90489	391467969	-39146.7969
90.4882	0	90489	391469941	-39146.9941
90.4883	0	90489	391474277	-39147.4277
90.4884	0	90489	391504512	-39150.4512
90.4885	0	90490	391517676	-39151.7676
90.4886	0	90490	391509199	-39150.9199
90.4887	0	90490	391534395	-39153.4395
90.4888	0	90490	391564883	-39156.4883
90.4889	0	90490	391579629	-39157.9629
90.489	0	90490	391574766	-39157.4766
90.4891	0	90490	391545488	-39154.5488
90.4892	0	90490	391523633	-39152.3633
90.4893	0	90490	39155916	-39155.916
90.4894	0	90490	391604316	-39160.4316
90.4895	0	90491	3916125	-39161.25
90.4896	0	90491	391607168	-39160.7168
90.4897	0	90491	391624922	-39162.4922
90.4898	0	90491	391643379	-39164.3379
90.4899	0	90491	391636465	-39163.6465
90.49	0	90491	391662266	-39166.2266
90.4901	0	90491	391672949	-39167.2949
90.4902	0	90491	391672363	-39167.2363
90.4903	0	90491	391661016	-39166.1016
90.4904	0	90491	391644531	-39164.4531
90.4905	0	90492	391657969	-39165.7969
90.4906	0	90492	391645996	-39164.5996
90.4907	0	90492	391633379	-39163.3379
90.4908	0	90492	391636934	-39163.6934
90.4909	0	90492	39167293	-39167.293
90.491	0	90492	391705918	-39170.5918
90.4911	0	90492	391683418	-39168.3418
90.4912	0	90492	391658555	-39165.8555
90.4913	0	90492	391656289	-39165.6289
90.4914	0	90492	391651074	-39165.1074
90.4915	0	90493	391654746	-39165.4746
90.4916	0	90493	391651934	-39165.1934
90.4917	0	90493	391636855	-39163.6855
90.4918	0	90493	391647246	-39164.7246
90.4919	0	90493	391654355	-39165.4355
90.492	0	90493	391669746	-39166.9746
90.4921	0	90493	391689785	-39168.9785
90.4922	0	90493	39172127	-39172.127
90.4923	0	90493	391761367	-39176.1367
90.4924	0	90493	391768418	-39176.8418
90.4925	0	90494	391739238	-39173.9238
90.4926	0	90494	391718086	-39171.8086
90.4927	0	90494	391724023	-39172.4023
90.4928	0	90494	391722344	-39172.2344
90.4929	0	90494	391745801	-39174.5801
90.493	0	90494	391782148	-39178.2148
90.4931	0	90494	391790352	-39179.0352
90.4932	0	90494	391760449	-39176.0449
90.4933	0	90494	391769141	-39176.9141
90.4934	0	90494	391826953	-39182.6953
90.4935	0	90495	391841816	-39184.1816
90.4936	0	90495	391823047	-39182.3047
90.4937	0	90495	391824492	-39182.4492
90.4938	0	90495	391843926	-39184.3926
90.4939	0	90495	391861484	-39186.1484
90.494	0	90495	391894883	-39189.4883
90.4941	0	90495	391909434	-39190.9434
90.4942	0	90495	391932148	-39193.2148
90.4943	0	90495	39197084	-39197.084
90.4944	0	90495	391998359	-39199.8359
90.4945	0	90496	39202291	-39202.291
90.4946	0	90496	392023867	-39202.3867
90.4947	0	90496	392034531	-39203.4531
90.4948	0	90496	392041562	-39204.1562
90.4949	0	90496	392050273	-39205.0273
90.495	0	90496	392065605	-39206.5605
90.4951	0	90496	392053418	-39205.3418
90.4952	0	90496	392041973	-39204.1973
90.4953	0	90496	39204332	-39204.332
90.4954	0	90496	392039082	-39203.9082
90.4955	0	90497	392046055	-39204.6055
90.4956	0	90497	392076602	-39207.6602
90.4957	0	90497	392112109	-39211.2109
90.4958	0	90497	392102695	-39210.2695
90.4959	0	90497	392045664	-39204.5664
90.496	0	90497	392013066	-39201.3066
90.4961	0	90497	392005703	-39200.5703
90.4962	0	90497	392011387	-39201.1387
90.4963	0	90497	391992676	-39199.2676
90.4964	0	90497	391977422	-39197.7422
90.4965	0	90498	3919925	-39199.25
90.4966	0	90498	391992812	-39199.2812
90.4967	0	90498	392004316	-39200.4316
90.4968	0	90498	392007422	-39200.7422
90.4969	0	90498	392005039	-39200.5039
90.497	0	90498	391992773	-39199.2773
90.4971	0	90498	391956914	-39195.6914
90.4972	0	90498	391934023	-39193.4023
90.4973	0	90498	391922812	-39192.2812
90.4974	0	90498	391940879	-39194.0879
90.4975	0	90499	39197209	-39197.209
90.4976	0	90499	39198666	-39198.666
90.4977	0	90499	391987969	-39198.7969
90.4978	0	90499	391961035	-39196.1035
90.4979	0	90499	391944434	-39194.4434
90.498	0	90499	391971484	-39197.1484
90.4981	0	90499	392012344	-39201.2344
90.4982	0	90499	392033691	-39203.3691
90.4983	0	90499	39204498	-39204.498
90.4984	0	90499	392067266	-39206.7266
90.4985	0	90500	39206209	-39206.209
90.4986	0	90500	392050234	-39205.0234
90.4987	0	90500	392054688	-39205.4688
90.4988	0	90500	392049336	-39204.9336
90.4989	0	90500	392039707	-39203.9707
90.499	0	90500	39204875	-39204.875
90.4991	0	90500	392110391	-39211.0391
90.4992	0	90500	392144551	-39214.4551
90.4993	0	90500	392129355	-39212.9355
90.4994	0	90500	392117949	-39211.7949
90.4995	0	90501	392113262	-39211.3262
90.4996	0	90501	392123906	-39212.3906
90.4997	0	90501	392136543	-39213.6543
90.4998	0	90501	392133887	-39213.3887
90.4999	0	90501	392119688	-39211.9688
90.5	0	90501	392120059	-39212.0059
90.5001	0	90501	392101895	-39210.1895
90.5002	0	90501	392080254	-39208.0254
90.5003	0	90501	392094395	-39209.4395
90.5004	0	90501	392089238	-39208.9238
90.5005	0	90502	392059199	-39205.9199
90.5006	0	90502	392066348	-39206.6348
90.5007	0	90502	392072676	-39207.2676
90.5008	0	90502	392038496	-39203.8496
90.5009	0	90502	392026582	-39202.6582
90.501	0	90502	392022324	-39202.2324
90.5011	0	90502	392010215	-39201.0215
90.5012	0	90502	392024297	-39202.4297
90.5013	0	90502	392041387	-39204.1387
90.5014	0	90502	392033555	-39203.3555
90.5015	0	90503	392022109	-39202.2109
90.5016	0	90503	39201957	-39201.957
90.5017	0	90503	391996934	-39199.6934
90.5018	0	90503	391973008	-39197.3008
90.5019	0	90503	391962656	-39196.2656
90.502	0	90503	391957324	-39195.7324
90.5021	0	90503	391942188	-39194.2188
90.5022	0	90503	391929121	-39192.9121
90.5023	0	90503	391917363	-39191.7363
90.5024	0	90503	391899277	-39189.9277
90.5025	0	90504	391905371	-39190.5371
90.5026	0	90504	391921074	-39192.1074
90.5027	0	90504	391912227	-39191.2227
90.5028	0	90504	391893027	-39189.3027
90.5029	0	90504	391896348	-39189.6348
90.503	0	90504	391875156	-39187.5156
90.5031	0	90504	391861074	-39186.1074
90.5032	0	90504	391854121	-39185.4121
90.5033	0	90504	391854727	-39185.4727
90.5034	0	90504	391877637	-39187.7637
90.5035	0	90505	39184625	-39184.625
90.5036	0	90505	391824121	-39182.4121
90.5037	0	90505	39181668	-39181.668
90.5038	0	90505	391786719	-39178.6719
90.5039	0	90505	391782148	-39178.2148
90.504	0	90505	391794023	-39179.4023
90.5041	0	90505	391784414	-39178.4414
90.5042	0	90505	391772969	-39177.2969
90.5043	0	90505	391753652	-39175.3652
90.5044	0	90505	39172543	-39172.543
90.5045	0	90506	391739199	-39173.9199
90.5046	0	90506	39176502	-39176.502
90.5047	0	90506	391760488	-39176.0488
90.5048	0	90506	391752344	-39175.2344
90.5049	0	90506	39173209	-39173.209
90.505	0	90506	391691387	-39169.1387
90.5051	0	90506	391712578	-39171.2578
90.5052	0	90506	391749512	-39174.9512
90.5053	0	90506	391752988	-39175.2988
90.5054	0	90506	391734531	-39173.4531
90.5055	0	90507	391695918	-39169.5918
90.5056	0	90507	391670938	-39167.0938
90.5057	0	90507	391676406	-39167.6406
90.5058	0	90507	391702559	-39170.2559
90.5059	0	90507	391722578	-39172.2578
90.506	0	90507	391755918	-39175.5918
90.5061	0	90507	391742109	-39174.2109
90.5062	0	90507	391695195	-39169.5195
90.5063	0	90507	391671309	-39167.1309
90.5064	0	90507	391650566	-39165.0566
90.5065	0	90508	39160873	-39160.873
90.5066	0	90508	391569707	-39156.9707
90.5067	0	90508	39156627	-39156.627
90.5068	0	90508	391542695	-39154.2695
90.5069	0	90508	391528027	-39152.8027
90.507	0	90508	391508086	-39150.8086
90.5071	0	90508	391478477	-39147.8477
90.5072	0	90508	39147541	-39147.541
90.5073	0	90508	391475137	-39147.5137
90.5074	0	90508	391480723	-39148.0723
90.5075	0	90509	39147959	-39147.959
90.5076	0	90509	391486387	-39148.6387
90.5077	0	90509	391495254	-39149.5254
90.5078	0	90509	391489922	-39148.9922
90.5079	0	90509	391468945	-39146.8945
90.508	0	90509	39146123	-39146.123
90.5081	0	90509	391494316	-39149.4316
90.5082	0	90509	391518906	-39151.8906
90.5083	0	90509	391502871	-39150.2871
90.5084	0	90509	391507441	-39150.7441
90.5085	0	90510	391519863	-39151.9863
90.5086	0	90510	391497656	-39149.7656
90.5087	0	90510	391499238	-39149.9238
90.5088	0	90510	391515742	-39151.5742
90.5089	0	90510	391526523	-39152.6523
90.509	0	90510	391533477	-39153.3477
90.5091	0	90510	391526992	-39152.6992
90.5092	0	90510	391500879	-39150.0879
90.5093	0	90510	39148332	-39148.332
90.5094	0	90510	391493223	-39149.3223
90.5095	0	90511	391521719	-39152.1719
90.5096	0	90511	391551523	-39155.1523
90.5097	0	90511	391544531	-39154.4531
90.5098	0	90511	391532988	-39153.2988
90.5099	0	90511	391559727	-39155.9727
90.51	0	90511	391608184	-39160.8184
90.5101	0	90511	391619453	-39161.9453
90.5102	0	90511	391598555	-39159.8555
90.5103	0	90511	391589609	-39158.9609
90.5104	0	90511	391582188	-39158.2188
90.5105	0	90512	391578379	-39157.8379
90.5106	0	90512	391555137	-39155.5137
90.5107	0	90512	391522148	-39152.2148
90.5108	0	90512	391543535	-39154.3535
90.5109	0	90512	391566797	-39156.6797
90.511	0	90512	391585469	-39158.5469
90.5111	0	90512	39161127	-39161.127
90.5112	0	90512	391571992	-39157.1992
90.5113	0	90512	391549688	-39154.9688
90.5114	0	90512	39153959	-39153.959
90.5115	0	90513	391518242	-39151.8242
90.5116	0	90513	391512344	-39151.2344
90.5117	0	90513	391469824	-39146.9824
90.5118	0	90513	391460684	-39146.0684
90.5119	0	90513	391478398	-39147.8398
90.512	0	90513	391499824	-39149.9824
90.5121	0	90513	39153125	-39153.125
90.5122	0	90513	391560938	-39156.0938
90.5123	0	90513	391603906	-39160.3906
90.5124	0	90513	391630137	-39163.0137
90.5125	0	90514	391624883	-39162.4883
90.5126	0	90514	391634727	-39163.4727
90.5127	0	90514	391675352	-39167.5352
90.5128	0	90514	39169627	-39169.627
90.5129	0	90514	391703379	-39170.3379
90.513	0	90514	391726406	-39172.6406
90.5131	0	90514	391751035	-39175.1035
90.5132	0	90514	391733184	-39173.3184
90.5133	0	90514	391755996	-39175.5996
90.5134	0	90514	391811934	-39181.1934
90.5135	0	90515	391809023	-39180.9023
90.5136	0	90515	391800859	-39180.0859
90.5137	0	90515	391802246	-39180.2246
90.5138	0	90515	391827656	-39182.7656
90.5139	0	90515	391862031	-39186.2031
90.514	0	90515	391887656	-39188.7656
90.5141	0	90515	391891406	-39189.1406
90.5142	0	90515	391888359	-39188.8359
90.5143	0	90515	391924746	-39192.4746
90.5144	0	90515	39195582	-39195.582
90.5145	0	90516	39196584	-39196.584
90.5146	0	90516	391982305	-39198.2305
90.5147	0	90516	391982578	-39198.2578
90.5148	0	90516	391980605	-39198.0605
90.5149	0	90516	392013027	-39201.3027
90.515	0	90516	392037715	-39203.7715
90.5151	0	90516	392051328	-39205.1328
90.5152	0	90516	392042344	-39204.2344
90.5153	0	90516	392035215	-39203.5215
90.5154	0	90516	392042109	-39204.2109
90.5155	0	90517	392043828	-39204.3828
90.5156	0	90517	392063965	-39206.3965
90.5157	0	90517	392091465	-39209.1465
90.5158	0	90517	392111699	-39211.1699
90.5159	0	90517	3920875	-39208.75
90.516	0	90517	392047598	-39204.7598
90.5161	0	90517	392014082	-39201.4082
90.5162	0	90517	392014199	-39201.4199
90.5163	0	90517	39202123	-39202.123
90.5164	0	90517	392002676	-39200.2676
90.5165	0	90518	392007266	-39200.7266
90.5166	0	90518	392003789	-39200.3789
90.5167	0	90518	392001309	-39200.1309
90.5168	0	90518	392015664	-39201.5664
90.5169	0	90518	392043887	-39204.3887
90.517	0	90518	392030645	-39203.0645
90.5171	0	90518	391978711	-39197.8711
90.5172	0	90518	391993438	-39199.3438
90.5173	0	90518	392029844	-39202.9844
90.5174	0	90518	392037969	-39203.7969
90.5175	0	90519	392060312	-39206.0312
90.5176	0	90519	392077305	-39207.7305
90.5177	0	90519	392075879	-39207.5879
90.5178	0	90519	39208248	-39208.248
90.5179	0	90519	392102188	-39210.2188
90.518	0	90519	392118066	-39211.8066
90.5181	0	90519	392106055	-39210.6055
90.5182	0	90519	392124863	-39212.4863
90.5183	0	90519	392143945	-39214.3945
90.5184	0	90519	392113223	-39211.3223
90.5185	0	90520	392111699	-39211.1699
90.5186	0	90520	392134316	-39213.4316
90.5187	0	90520	392116523	-39211.6523
90.5188	0	90520	392107148	-39210.7148
90.5189	0	90520	39213873	-39213.873
90.519	0	90520	392130312	-39213.0312
90.5191	0	90520	392138516	-39213.8516
90.5192	0	90520	392159453	-39215.9453
90.5193	0	90520	392139355	-39213.9355
90.5194	0	90520	392125508	-39212.5508
90.5195	0	90521	392104883	-39210.4883
90.5196	0	90521	392082363	-39208.2363
90.5197	0	90521	392091875	-39209.1875
90.5198	0	90521	392096406	-39209.6406
90.5199	0	90521	39205873	-39205.873
90.52	0	90521	392068301	-39206.8301
90.5201	0	90521	392089297	-39208.9297
90.5202	0	90521	392091621	-39209.1621
90.5203	0	90521	392117637	-39211.7637
90.5204	0	90521	392112656	-39211.2656
90.5205	0	90522	392102656	-39210.2656
90.5206	0	90522	392102793	-39210.2793
90.5207	0	90522	39210791	-39210.791
90.5208	0	90522	392126016	-39212.6016
90.5209	0	90522	392111777	-39211.1777
90.521	0	90522	392071621	-39207.1621
90.5211	0	90522	392060156	-39206.0156
90.5212	0	90522	392053086	-39205.3086
90.5213	0	90522	392068965	-39206.8965
90.5214	0	90522	39209793	-39209.793
90.5215	0	90523	392087031	-39208.7031
90.5216	0	90523	392082383	-39208.2383
90.5217	0	90523	392087441	-39208.7441
90.5218	0	90523	392096914	-39209.6914
90.5219	0	90523	39207998	-39207.998
90.522	0	90523	392051035	-39205.1035
90.5221	0	90523	392031133	-39203.1133
90.5222	0	90523	392018613	-39201.8613
90.5223	0	90523	392005527	-39200.5527
90.5224	0	90523	391961094	-39196.1094
90.5225	0	90524	391937305	-39193.7305
90.5226	0	90524	391941719	-39194.1719
90.5227	0	90524	391941367	-39194.1367
90.5228	0	90524	391934043	-39193.4043
90.5229	0	90524	391932832	-39193.2832
90.523	0	90524	391924102	-39192.4102
90.5231	0	90524	391942578	-39194.2578
90.5232	0	90524	39195668	-39195.668
90.5233	0	90524	391925508	-39192.5508
90.5234	0	90524	391909785	-39190.9785
90.5235	0	90525	391918164	-39191.8164
90.5236	0	90525	391932031	-39193.2031
90.5237	0	90525	391914062	-39191.4062
90.5238	0	90525	391916895	-39191.6895
90.5239	0	90525	391930977	-39193.0977
90.524	0	90525	391874082	-39187.4082
90.5241	0	90525	39183332	-39183.332
90.5242	0	90525	39184875	-39184.875
90.5243	0	90525	391836152	-39183.6152
90.5244	0	90525	391795996	-39179.5996
90.5245	0	90526	391751309	-39175.1309
90.5246	0	90526	391696328	-39169.6328
90.5247	0	90526	391665449	-39166.5449
90.5248	0	90526	391679062	-39167.9062
90.5249	0	90526	391693203	-39169.3203
90.525	0	90526	391671055	-39167.1055
90.5251	0	90526	391652637	-39165.2637
90.5252	0	90526	391633516	-39163.3516
90.5253	0	90526	391624688	-39162.4688
90.5254	0	90526	391614277	-39161.4277
90.5255	0	90527	391573848	-39157.3848
90.5256	0	90527	391539629	-39153.9629
90.5257	0	90527	391505176	-39150.5176
90.5258	0	90527	39149127	-39149.127
90.5259	0	90527	391516816	-39151.6816
90.526	0	90527	391530684	-39153.0684
90.5261	0	90527	391494785	-39149.4785
90.5262	0	90527	391493926	-39149.3926
90.5263	0	90527	391514102	-39151.4102
90.5264	0	90527	391499961	-39149.9961
90.5265	0	90528	391480566	-39148.0566
90.5266	0	90528	391465332	-39146.5332
90.5267	0	90528	391465215	-39146.5215
90.5268	0	90528	391452031	-39145.2031
90.5269	0	90528	391475723	-39147.5723
90.527	0	90528	391516738	-39151.6738
90.5271	0	90528	391521016	-39152.1016
90.5272	0	90528	391522598	-39152.2598
90.5273	0	90528	391519219	-39151.9219
90.5274	0	90528	391506445	-39150.6445
90.5275	0	90529	391502246	-39150.2246
90.5276	0	90529	391525449	-39152.5449
90.5277	0	90529	391550566	-39155.0566
90.5278	0	90529	391543125	-39154.3125
90.5279	0	90529	391518027	-39151.8027
90.528	0	90529	391510762	-39151.0762
90.5281	0	90529	391493242	-39149.3242
90.5282	0	90529	391482559	-39148.2559
90.5283	0	90529	391477246	-39147.7246
90.5284	0	90529	391454609	-39145.4609
90.5285	0	90530	391439062	-39143.9062
90.5286	0	90530	391437988	-39143.7988
90.5287	0	90530	391464668	-39146.4668
90.5288	0	90530	391476699	-39147.6699
90.5289	0	90530	391480703	-39148.0703
90.529	0	90530	391479727	-39147.9727
90.5291	0	90530	391457461	-39145.7461
90.5292	0	90530	391440469	-39144.0469
90.5293	0	90530	391448535	-39144.8535
90.5294	0	90530	391459277	-39145.9277
90.5295	0	90531	39147375	-39147.375
90.5296	0	90531	391492012	-39149.2012
90.5297	0	90531	391488594	-39148.8594
90.5298	0	90531	391493711	-39149.3711
90.5299	0	90531	391487188	-39148.7188
90.53	0	90531	391478066	-39147.8066
90.5301	0	90531	39147041	-39147.041
90.5302	0	90531	391469199	-39146.9199
90.5303	0	90531	39149373	-39149.373
90.5304	0	90531	391511719	-39151.1719
90.5305	0	90532	391502559	-39150.2559
90.5306	0	90532	391473984	-39147.3984
90.5307	0	90532	391465293	-39146.5293
90.5308	0	90532	391489121	-39148.9121
90.5309	0	90532	391527363	-39152.7363
90.531	0	90532	391555898	-39155.5898
90.5311	0	90532	391596055	-39159.6055
90.5312	0	90532	391620059	-39162.0059
90.5313	0	90532	391618496	-39161.8496
90.5314	0	90532	391634551	-39163.4551
90.5315	0	90533	391648457	-39164.8457
90.5316	0	90533	391648984	-39164.8984
90.5317	0	90533	391631797	-39163.1797
90.5318	0	90533	391636758	-39163.6758
90.5319	0	90533	39168332	-39168.332
90.532	0	90533	391726484	-39172.6484
90.5321	0	90533	391740742	-39174.0742
90.5322	0	90533	391773281	-39177.3281
90.5323	0	90533	39181457	-39181.457
90.5324	0	90533	391831816	-39183.1816
90.5325	0	90534	391823613	-39182.3613
90.5326	0	90534	391787422	-39178.7422
90.5327	0	90534	391748965	-39174.8965
90.5328	0	90534	391713398	-39171.3398
90.5329	0	90534	391725742	-39172.5742
90.533	0	90534	391722129	-39172.2129
90.5331	0	90534	391703086	-39170.3086
90.5332	0	90534	39173377	-39173.377
90.5333	0	90534	391768828	-39176.8828
90.5334	0	90534	391774941	-39177.4941
90.5335	0	90535	391781484	-39178.1484
90.5336	0	90535	391808594	-39180.8594
90.5337	0	90535	391776406	-39177.6406
90.5338	0	90535	391767539	-39176.7539
90.5339	0	90535	391794766	-39179.4766
90.534	0	90535	391765215	-39176.5215
90.5341	0	90535	391748535	-39174.8535
90.5342	0	90535	391775059	-39177.5059
90.5343	0	90535	391823613	-39182.3613
90.5344	0	90535	391867793	-39186.7793
90.5345	0	90536	391883301	-39188.3301
90.5346	0	90536	391880273	-39188.0273
90.5347	0	90536	39187334	-39187.334
90.5348	0	90536	391878516	-39187.8516
90.5349	0	90536	391903828	-39190.3828
90.535	0	90536	391911797	-39191.1797
90.5351	0	90536	391896621	-39189.6621
90.5352	0	90536	391896582	-39189.6582
90.5353	0	90536	391941543	-39194.1543
90.5354	0	90536	391957598	-39195.7598
90.5355	0	90537	391938027	-39193.8027
90.5356	0	90537	391972441	-39197.2441
90.5357	0	90537	392020391	-39202.0391
90.5358	0	90537	392038398	-39203.8398
90.5359	0	90537	392013457	-39201.3457
90.536	0	90537	391994922	-39199.4922
90.5361	0	90537	392007539	-39200.7539
90.5362	0	90537	392032188	-39203.2188
90.5363	0	90537	392058789	-39205.8789
90.5364	0	90537	392049805	-39204.9805
90.5365	0	90538	392040898	-39204.0898
90.5366	0	90538	392060312	-39206.0312
90.5367	0	90538	392055898	-39205.5898
90.5368	0	90538	392052363	-39205.2363
90.5369	0	90538	392074785	-39207.4785
90.537	0	90538	392049668	-39204.9668
90.5371	0	90538	391990879	-39199.0879
90.5372	0	90538	39194582	-39194.582
90.5373	0	90538	391941602	-39194.1602
90.5374	0	90538	391965762	-39196.5762
90.5375	0	90539	391994551	-39199.4551
90.5376	0	90539	391995098	-39199.5098
90.5377	0	90539	391973262	-39197.3262
90.5378	0	90539	391983516	-39198.3516
90.5379	0	90539	391993945	-39199.3945
90.538	0	90539	392013574	-39201.3574
90.5381	0	90539	392024902	-39202.4902
90.5382	0	90539	392035098	-39203.5098
90.5383	0	90539	392067539	-39206.7539
90.5384	0	90539	392094609	-39209.4609
90.5385	0	90540	392105293	-39210.5293
90.5386	0	90540	392095059	-39209.5059
90.5387	0	90540	392091113	-39209.1113
90.5388	0	90540	39207623	-39207.623
90.5389	0	90540	392052207	-39205.2207
90.539	0	90540	392024863	-39202.4863
90.5391	0	90540	392029473	-39202.9473
90.5392	0	90540	39203168	-39203.168
90.5393	0	90540	392011465	-39201.1465
90.5394	0	90540	392011953	-39201.1953
90.5395	0	90541	391974609	-39197.4609
90.5396	0	90541	391930273	-39193.0273
90.5397	0	90541	391918105	-39191.8105
90.5398	0	90541	391924785	-39192.4785
90.5399	0	90541	39192293	-39192.293
90.54	0	90541	391921152	-39192.1152
90.5401	0	90541	391935566	-39193.5566
90.5402	0	90541	391924219	-39192.4219
90.5403	0	90541	391927441	-39192.7441
90.5404	0	90541	39196957	-39196.957
90.5405	0	90542	391994707	-39199.4707
90.5406	0	90542	392019219	-39201.9219
90.5407	0	90542	392051484	-39205.1484
90.5408	0	90542	392040293	-39204.0293
90.5409	0	90542	392016152	-39201.6152
90.541	0	90542	392005137	-39200.5137
90.5411	0	90542	391985996	-39198.5996
90.5412	0	90542	391969766	-39196.9766
90.5413	0	90542	391982695	-39198.2695
90.5414	0	90542	391984707	-39198.4707
90.5415	0	90543	391992676	-39199.2676
90.5416	0	90543	392022344	-39202.2344
90.5417	0	90543	392009707	-39200.9707
90.5418	0	90543	392013242	-39201.3242
90.5419	0	90543	392039746	-39203.9746
90.542	0	90543	392043613	-39204.3613
90.5421	0	90543	392020254	-39202.0254
90.5422	0	90543	391999824	-39199.9824
90.5423	0	90543	39198502	-39198.502
90.5424	0	90543	391974961	-39197.4961
90.5425	0	90544	391983047	-39198.3047
90.5426	0	90544	391962344	-39196.2344
90.5427	0	90544	391931465	-39193.1465
90.5428	0	90544	391924844	-39192.4844
90.5429	0	90544	391933145	-39193.3145
90.543	0	90544	391905059	-39190.5059
90.5431	0	90544	391879648	-39187.9648
90.5432	0	90544	391869258	-39186.9258
90.5433	0	90544	391837559	-39183.7559
90.5434	0	90544	39182248	-39182.248
90.5435	0	90545	391830703	-39183.0703
90.5436	0	90545	391845625	-39184.5625
90.5437	0	90545	391824414	-39182.4414
90.5438	0	90545	391783281	-39178.3281
90.5439	0	90545	391790488	-39179.0488
90.544	0	90545	391801699	-39180.1699
90.5441	0	90545	391760195	-39176.0195
90.5442	0	90545	391764727	-39176.4727
90.5443	0	90545	391777266	-39177.7266
90.5444	0	90545	391738594	-39173.8594
90.5445	0	90546	391706387	-39170.6387
90.5446	0	90546	391668906	-39166.8906
90.5447	0	90546	391633262	-39163.3262
90.5448	0	90546	391623965	-39162.3965
90.5449	0	90546	391653125	-39165.3125
90.545	0	90546	391669727	-39166.9727
90.5451	0	90546	391670703	-39167.0703
90.5452	0	90546	391650156	-39165.0156
90.5453	0	90546	391643535	-39164.3535
90.5454	0	90546	391678242	-39167.8242
90.5455	0	90547	391680156	-39168.0156
90.5456	0	90547	391681543	-39168.1543
90.5457	0	90547	391659941	-39165.9941
90.5458	0	90547	391642539	-39164.2539
90.5459	0	90547	39169	-39169
90.546	0	90547	391736445	-39173.6445
90.5461	0	90547	391736504	-39173.6504
90.5462	0	90547	391734023	-39173.4023
90.5463	0	90547	391737402	-39173.7402
90.5464	0	90547	391728086	-39172.8086
90.5465	0	90548	391724004	-39172.4004
90.5466	0	90548	391709668	-39170.9668
90.5467	0	90548	391680332	-39168.0332
90.5468	0	90548	391636953	-39163.6953
90.5469	0	90548	391632188	-39163.2188
90.547	0	90548	391624512	-39162.4512
90.5471	0	90548	391605371	-39160.5371
90.5472	0	90548	391636504	-39163.6504
90.5473	0	90548	391654121	-39165.4121
90.5474	0	90548	391631602	-39163.1602
90.5475	0	90549	391596562	-39159.6562
90.5476	0	90549	391574688	-39157.4688
90.5477	0	90549	391598359	-39159.8359
90.5478	0	90549	391626797	-39162.6797
90.5479	0	90549	391585664	-39158.5664
90.548	0	90549	391552754	-39155.2754
90.5481	0	90549	391578027	-39157.8027
90.5482	0	90549	391588828	-39158.8828
90.5483	0	90549	391564531	-39156.4531
90.5484	0	90549	391546309	-39154.6309
90.5485	0	90550	391543262	-39154.3262
90.5486	0	90550	391544746	-39154.4746
90.5487	0	90550	391535938	-39153.5938
90.5488	0	90550	391540254	-39154.0254
90.5489	0	90550	391573418	-39157.3418
90.549	0	90550	39155582	-39155.582
90.5491	0	90550	39153084	-39153.084
90.5492	0	90550	391528379	-39152.8379
90.5493	0	90550	391518086	-39151.8086
90.5494	0	90550	391525156	-39152.5156
90.5495	0	90551	391539043	-39153.9043
90.5496	0	90551	391523301	-39152.3301
90.5497	0	90551	39150584	-39150.584
90.5498	0	90551	391500488	-39150.0488
90.5499	0	90551	391495547	-39149.5547
90.55	0	90551	391520938	-39152.0938
90.5501	0	90551	391523281	-39152.3281
90.5502	0	90551	391518105	-39151.8105
90.5503	0	90551	391535605	-39153.5605
90.5504	0	90551	391528398	-39152.8398
90.5505	0	90552	391496465	-39149.6465
90.5506	0	90552	391477109	-39147.7109
90.5507	0	90552	391478145	-39147.8145
90.5508	0	90552	391489141	-39148.9141
90.5509	0	90552	39151291	-39151.291
90.551	0	90552	391531855	-39153.1855
90.5511	0	90552	391546074	-39154.6074
90.5512	0	90552	391572441	-39157.2441
90.5513	0	90552	391612227	-39161.2227
90.5514	0	90552	39160748	-39160.748
90.5515	0	90553	391595352	-39159.5352
90.5516	0	90553	39161252	-39161.252
90.5517	0	90553	391594863	-39159.4863
90.5518	0	90553	39159709	-39159.709
90.5519	0	90553	391615156	-39161.5156
90.552	0	90553	391602168	-39160.2168
90.5521	0	90553	391585566	-39158.5566
90.5522	0	90553	391594473	-39159.4473
90.5523	0	90553	391626562	-39162.6562
90.5524	0	90553	391665801	-39166.5801
90.5525	0	90554	391690332	-39169.0332
90.5526	0	90554	39170627	-39170.627
90.5527	0	90554	391716387	-39171.6387
90.5528	0	90554	391684531	-39168.4531
90.5529	0	90554	391672969	-39167.2969
90.553	0	90554	391688281	-39168.8281
90.5531	0	90554	391708125	-39170.8125
90.5532	0	90554	391733398	-39173.3398
90.5533	0	90554	391743555	-39174.3555
90.5534	0	90554	391754473	-39175.4473
90.5535	0	90555	39175416	-39175.416
90.5536	0	90555	39175	-39175
90.5537	0	90555	391747656	-39174.7656
90.5538	0	90555	391766523	-39176.6523
90.5539	0	90555	391801523	-39180.1523
90.554	0	90555	391812383	-39181.2383
90.5541	0	90555	391827793	-39182.7793
90.5542	0	90555	391844551	-39184.4551
90.5543	0	90555	391831035	-39183.1035
90.5544	0	90555	391845449	-39184.5449
90.5545	0	90556	391902539	-39190.2539
90.5546	0	90556	391921816	-39192.1816
90.5547	0	90556	391908203	-39190.8203
90.5548	0	90556	391919414	-39191.9414
90.5549	0	90556	391947246	-39194.7246
90.555	0	90556	391947734	-39194.7734
90.5551	0	90556	391948438	-39194.8438
90.5552	0	90556	391952773	-39195.2773
90.5553	0	90556	39195668	-39195.668
90.5554	0	90556	391972891	-39197.2891
90.5555	0	90557	391978633	-39197.8633
90.5556	0	90557	39199623	-39199.623
90.5557	0	90557	392024395	-39202.4395
90.5558	0	90557	392058242	-39205.8242
90.5559	0	90557	392046797	-39204.6797
90.556	0	90557	392001934	-39200.1934
90.5561	0	90557	391974902	-39197.4902
90.5562	0	90557	391948145	-39194.8145
90.5563	0	90557	391932383	-39193.2383
90.5564	0	90557	391906211	-39190.6211
90.5565	0	90558	391912734	-39191.2734
90.5566	0	90558	391957207	-39195.7207
90.5567	0	90558	391965	-39196.5
90.5568	0	90558	391964043	-39196.4043
90.5569	0	90558	391987266	-39198.7266
90.557	0	90558	391959961	-39195.9961
90.5571	0	90558	391903105	-39190.3105
90.5572	0	90558	391920332	-39192.0332
90.5573	0	90558	391950215	-39195.0215
90.5574	0	90558	391944941	-39194.4941
90.5575	0	90559	391970234	-39197.0234
90.5576	0	90559	391993965	-39199.3965
90.5577	0	90559	391966875	-39196.6875
90.5578	0	90559	391959863	-39195.9863
90.5579	0	90559	391956016	-39195.6016
90.558	0	90559	391949395	-39194.9395
90.5581	0	90559	391971289	-39197.1289
90.5582	0	90559	391999277	-39199.9277
90.5583	0	90559	392031777	-39203.1777
90.5584	0	90559	392030312	-39203.0312
90.5585	0	90560	39202543	-39202.543
90.5586	0	90560	392045312	-39204.5312
90.5587	0	90560	392025723	-39202.5723
90.5588	0	90560	391971934	-39197.1934
90.5589	0	90560	391948203	-39194.8203
90.559	0	90560	391942109	-39194.2109
90.5591	0	90560	391941934	-39194.1934
90.5592	0	90560	391939121	-39193.9121
90.5593	0	90560	391939531	-39193.9531
90.5594	0	90560	391935098	-39193.5098
90.5595	0	90561	391886699	-39188.6699
90.5596	0	90561	391884434	-39188.4434
90.5597	0	90561	391953848	-39195.3848
90.5598	0	90561	391985508	-39198.5508
90.5599	0	90561	391956836	-39195.6836
90.56	0	90561	391966445	-39196.6445
90.5601	0	90561	39199416	-39199.416
90.5602	0	90561	391967852	-39196.7852
90.5603	0	90561	391944961	-39194.4961
90.5604	0	90561	391970371	-39197.0371
90.5605	0	90562	391991523	-39199.1523
90.5606	0	90562	391973613	-39197.3613
90.5607	0	90562	391986309	-39198.6309
90.5608	0	90562	392006406	-39200.6406
90.5609	0	90562	39199627	-39199.627
90.561	0	90562	391960898	-39196.0898
90.5611	0	90562	391920391	-39192.0391
90.5612	0	90562	391918652	-39191.8652
90.5613	0	90562	39192709	-39192.709
90.5614	0	90562	39192084	-39192.084
90.5615	0	90563	391929648	-39192.9648
90.5616	0	90563	391953594	-39195.3594
90.5617	0	90563	391943145	-39194.3145
90.5618	0	90563	391924043	-39192.4043
90.5619	0	90563	391908867	-39190.8867
90.562	0	90563	391889551	-39188.9551
90.5621	0	90563	391866289	-39186.6289
90.5622	0	90563	391882383	-39188.2383
90.5623	0	90563	391897012	-39189.7012
90.5624	0	90563	391853066	-39185.3066
90.5625	0	90564	39185002	-39185.002
90.5626	0	90564	391869941	-39186.9941
90.5627	0	90564	391862539	-39186.2539
90.5628	0	90564	391847363	-39184.7363
90.5629	0	90564	391847949	-39184.7949
90.563	0	90564	391846484	-39184.6484
90.5631	0	90564	39184125	-39184.125
90.5632	0	90564	391824609	-39182.4609
90.5633	0	90564	391794375	-39179.4375
90.5634	0	90564	391783828	-39178.3828
90.5635	0	90565	391790664	-39179.0664
90.5636	0	90565	39179959	-39179.959
90.5637	0	90565	391761035	-39176.1035
90.5638	0	90565	391762363	-39176.2363
90.5639	0	90565	391820547	-39182.0547
90.564	0	90565	391806055	-39180.6055
90.5641	0	90565	391751758	-39175.1758
90.5642	0	90565	39174668	-39174.668
90.5643	0	90565	391760234	-39176.0234
90.5644	0	90565	391747793	-39174.7793
90.5645	0	90566	391707871	-39170.7871
90.5646	0	90566	391682656	-39168.2656
90.5647	0	90566	391696719	-39169.6719
90.5648	0	90566	391685723	-39168.5723
90.5649	0	90566	391682598	-39168.2598
90.565	0	90566	391678164	-39167.8164
90.5651	0	90566	391663379	-39166.3379
90.5652	0	90566	391662285	-39166.2285
90.5653	0	90566	39165459	-39165.459
90.5654	0	90566	391655664	-39165.5664
90.5655	0	90567	391656465	-39165.6465
90.5656	0	90567	391644434	-39164.4434
90.5657	0	90567	391588535	-39158.8535
90.5658	0	90567	391563516	-39156.3516
90.5659	0	90567	391591387	-39159.1387
90.566	0	90567	391625664	-39162.5664
90.5661	0	90567	391629082	-39162.9082
90.5662	0	90567	391598262	-39159.8262
90.5663	0	90567	391606172	-39160.6172
90.5664	0	90567	391617285	-39161.7285
90.5665	0	90568	391596738	-39159.6738
90.5666	0	90568	391591445	-39159.1445
90.5667	0	90568	391620645	-39162.0645
90.5668	0	90568	391610977	-39161.0977
90.5669	0	90568	391582363	-39158.2363
90.567	0	90568	391594688	-39159.4688
90.5671	0	90568	391591074	-39159.1074
90.5672	0	90568	391581934	-39158.1934
90.5673	0	90568	391591602	-39159.1602
90.5674	0	90568	391587559	-39158.7559
90.5675	0	90569	391555801	-39155.5801
90.5676	0	90569	391526348	-39152.6348
90.5677	0	90569	39155541	-39155.541
90.5678	0	90569	391589199	-39158.9199
90.5679	0	90569	391578008	-39157.8008
90.5681	0	90569	391567773	-39156.7773
90.5682	0	90569	391536426	-39153.6426
90.5683	0	90569	391508691	-39150.8691
90.5684	0	90569	391502676	-39150.2676
90.5685	0	90570	391509199	-39150.9199
90.5686	0	90570	39150498	-39150.498
90.5687	0	90570	391525	-39152.5
90.5688	0	90570	391529941	-39152.9941
90.5689	0	90570	391532227	-39153.2227
90.569	0	90570	391543184	-39154.3184
90.5691	0	90570	391548359	-39154.8359
90.5692	0	90570	391515449	-39151.5449
90.5693	0	90570	39147877	-39147.877
90.5694	0	90570	391509707	-39150.9707
90.5695	0	90571	391528535	-39152.8535
90.5696	0	90571	39154168	-39154.168
90.5697	0	90571	391563633	-39156.3633
90.5698	0	90571	39158168	-39158.168
90.5699	0	90571	391558281	-39155.8281
90.57	0	90571	391546328	-39154.6328
90.5701	0	90571	39159002	-39159.002
90.5702	0	90571	391574141	-39157.4141
90.5703	0	90571	391534453	-39153.4453
90.5704	0	90571	391529629	-39152.9629
90.5705	0	90572	391521445	-39152.1445
90.5706	0	90572	391526699	-39152.6699
90.5707	0	90572	39151627	-39151.627
90.5708	0	90572	391466035	-39146.6035
90.5709	0	90572	391472539	-39147.2539
90.571	0	90572	391535918	-39153.5918
90.5711	0	90572	391596738	-39159.6738
90.5712	0	90572	391624062	-39162.4062
90.5713	0	90572	39162334	-39162.334
90.5714	0	90572	391615	-39161.5
90.5715	0	90573	391614727	-39161.4727
90.5716	0	90573	391640566	-39164.0566
90.5717	0	90573	391647324	-39164.7324
90.5718	0	90573	391648359	-39164.8359
90.5719	0	90573	391639824	-39163.9824
90.572	0	90573	391626699	-39162.6699
90.5721	0	90573	391633047	-39163.3047
90.5722	0	90573	391654629	-39165.4629
90.5723	0	90573	391696074	-39169.6074
90.5724	0	90573	391710801	-39171.0801
90.5725	0	90574	391715898	-39171.5898
90.5726	0	90574	39172418	-39172.418
90.5727	0	90574	391696426	-39169.6426
90.5728	0	90574	391667598	-39166.7598
90.5729	0	90574	391667266	-39166.7266
90.573	0	90574	391647363	-39164.7363
90.5731	0	90574	391671582	-39167.1582
90.5732	0	90574	391712285	-39171.2285
90.5733	0	90574	391683945	-39168.3945
90.5734	0	90574	391675547	-39167.5547
90.5735	0	90575	391701426	-39170.1426
90.5736	0	90575	391737012	-39173.7012
90.5737	0	90575	391728105	-39172.8105
90.5738	0	90575	391691211	-39169.1211
90.5739	0	90575	391682402	-39168.2402
90.574	0	90575	391671328	-39167.1328
90.5741	0	90575	391673145	-39167.3145
90.5742	0	90575	391691641	-39169.1641
90.5743	0	90575	391702891	-39170.2891
90.5744	0	90575	391727148	-39172.7148
90.5745	0	90576	391751152	-39175.1152
90.5746	0	90576	391745312	-39174.5312
90.5747	0	90576	391772344	-39177.2344
90.5748	0	90576	391818301	-39181.8301
90.5749	0	90576	391847363	-39184.7363
90.575	0	90576	391878789	-39187.8789
90.5751	0	90576	391921875	-39192.1875
90.5752	0	90576	391941523	-39194.1523
90.5753	0	90576	391934414	-39193.4414
90.5754	0	90576	391946426	-39194.6426
90.5755	0	90577	39193791	-39193.791
90.5756	0	90577	391926309	-39192.6309
90.5757	0	90577	391946133	-39194.6133
90.5758	0	90577	391994922	-39199.4922
90.5759	0	90577	392007344	-39200.7344
90.576	0	90577	391974727	-39197.4727
90.5761	0	90577	391958496	-39195.8496
90.5762	0	90577	391945176	-39194.5176
90.5763	0	90577	39194082	-39194.082
90.5764	0	90577	391945586	-39194.5586
90.5765	0	90578	391936035	-39193.6035
90.5766	0	90578	391919844	-39191.9844
90.5767	0	90578	391940977	-39194.0977
90.5768	0	90578	391961797	-39196.1797
90.5769	0	90578	391960879	-39196.0879
90.577	0	90578	391978086	-39197.8086
90.5771	0	90578	391986602	-39198.6602
90.5772	0	90578	391954531	-39195.4531
90.5773	0	90578	391943672	-39194.3672
90.5774	0	90578	391974277	-39197.4277
90.5775	0	90579	391973105	-39197.3105
90.5776	0	90579	391985801	-39198.5801
90.5777	0	90579	392019766	-39201.9766
90.5778	0	90579	39201418	-39201.418
90.5779	0	90579	391981602	-39198.1602
90.578	0	90579	391981523	-39198.1523
90.5781	0	90579	392018672	-39201.8672
90.5782	0	90579	392043652	-39204.3652
90.5783	0	90579	392065273	-39206.5273
90.5784	0	90579	392091172	-39209.1172
90.5785	0	90580	392123672	-39212.3672
90.5786	0	90580	39212916	-39212.916
90.5787	0	90580	39212584	-39212.584
90.5788	0	90580	392123945	-39212.3945
90.5789	0	90580	392119492	-39211.9492
90.579	0	90580	392124219	-39212.4219
90.5791	0	90580	392145215	-39214.5215
90.5792	0	90580	392164766	-39216.4766
90.5793	0	90580	392135664	-39213.5664
90.5794	0	90580	392093457	-39209.3457
90.5795	0	90581	39205166	-39205.166
90.5796	0	90581	392024121	-39202.4121
90.5797	0	90581	391995898	-39199.5898
90.5798	0	90581	391980488	-39198.0488
90.5799	0	90581	391957598	-39195.7598
90.58	0	90581	391895293	-39189.5293
90.5801	0	90581	391873887	-39187.3887
90.5802	0	90581	391899883	-39189.9883
90.5803	0	90581	391913457	-39191.3457
90.5804	0	90581	391902637	-39190.2637
90.5805	0	90582	391903711	-39190.3711
90.5806	0	90582	391900488	-39190.0488
90.5807	0	90582	391882031	-39188.2031
90.5808	0	90582	391913789	-39191.3789
90.5809	0	90582	391967734	-39196.7734
90.581	0	90582	391954062	-39195.4062
90.5811	0	90582	391968555	-39196.8555
90.5812	0	90582	39201248	-39201.248
90.5813	0	90582	392013223	-39201.3223
90.5814	0	90582	392020332	-39202.0332
90.5815	0	90583	392053242	-39205.3242
90.5816	0	90583	392093828	-39209.3828
90.5817	0	90583	39206375	-39206.375
90.5818	0	90583	39202748	-39202.748
90.5819	0	90583	392033555	-39203.3555
90.582	0	90583	39204957	-39204.957
90.5821	0	90583	392056543	-39205.6543
90.5822	0	90583	392039668	-39203.9668
90.5823	0	90583	392006953	-39200.6953
90.5824	0	90583	391952109	-39195.2109
90.5825	0	90584	391921289	-39192.1289
90.5826	0	90584	39189498	-39189.498
90.5827	0	90584	39186541	-39186.541
90.5828	0	90584	391847441	-39184.7441
90.5829	0	90584	391858867	-39185.8867
90.583	0	90584	391866172	-39186.6172
90.5831	0	90584	391841309	-39184.1309
90.5832	0	90584	391835098	-39183.5098
90.5833	0	90584	391826367	-39182.6367
90.5834	0	90584	391794922	-39179.4922
90.5835	0	90585	391792578	-39179.2578
90.5836	0	90585	391812617	-39181.2617
90.5837	0	90585	391763438	-39176.3438
90.5838	0	90585	391697695	-39169.7695
90.5839	0	90585	391688984	-39168.8984
90.584	0	90585	391709902	-39170.9902
90.5841	0	90585	391702148	-39170.2148
90.5842	0	90585	391688848	-39168.8848
90.5843	0	90585	391706113	-39170.6113
90.5844	0	90585	391700645	-39170.0645
90.5845	0	90586	391680156	-39168.0156
90.5846	0	90586	391650977	-39165.0977
90.5847	0	90586	391643086	-39164.3086
90.5848	0	90586	391657871	-39165.7871
90.5849	0	90586	3916825	-39168.25
90.585	0	90586	391707461	-39170.7461
90.5851	0	90586	391706074	-39170.6074
90.5852	0	90586	391703633	-39170.3633
90.5853	0	90586	391721855	-39172.1855
90.5854	0	90586	391733848	-39173.3848
90.5855	0	90587	391719473	-39171.9473
90.5856	0	90587	391715918	-39171.5918
90.5857	0	90587	391692773	-39169.2773
90.5858	0	90587	391684141	-39168.4141
90.5859	0	90587	391720703	-39172.0703
90.586	0	90587	391754629	-39175.4629
90.5861	0	90587	391772344	-39177.2344
90.5862	0	90587	391761523	-39176.1523
90.5863	0	90587	391718223	-39171.8223
90.5864	0	90587	391676582	-39167.6582
90.5865	0	90588	391667773	-39166.7773
90.5866	0	90588	39166	-39166
90.5867	0	90588	391655586	-39165.5586
90.5868	0	90588	391607676	-39160.7676
90.5869	0	90588	391548672	-39154.8672
90.587	0	90588	391555527	-39155.5527
90.5871	0	90588	391570898	-39157.0898
90.5872	0	90588	391570488	-39157.0488
90.5873	0	90588	391548242	-39154.8242
90.5874	0	90588	391500898	-39150.0898
90.5875	0	90589	391492012	-39149.2012
90.5876	0	90589	391484961	-39148.4961
90.5877	0	90589	391453086	-39145.3086
90.5878	0	90589	391487285	-39148.7285
90.5879	0	90589	391516777	-39151.6777
90.588	0	90589	391500957	-39150.0957
90.5881	0	90589	391488398	-39148.8398
90.5882	0	90589	391490996	-39149.0996
90.5883	0	90589	391502734	-39150.2734
90.5884	0	90589	391512246	-39151.2246
90.5885	0	90590	391524531	-39152.4531
90.5886	0	90590	391537793	-39153.7793
90.5887	0	90590	391549355	-39154.9355
90.5888	0	90590	391531992	-39153.1992
90.5889	0	90590	391543828	-39154.3828
90.589	0	90590	391575742	-39157.5742
90.5891	0	90590	391587695	-39158.7695
90.5892	0	90590	391566191	-39156.6191
90.5893	0	90590	391500527	-39150.0527
90.5894	0	90590	391478379	-39147.8379
90.5895	0	90591	39151043	-39151.043
90.5896	0	90591	391534551	-39153.4551
90.5897	0	90591	391521367	-39152.1367
90.5898	0	90591	391505918	-39150.5918
90.5899	0	90591	391497598	-39149.7598
90.59	0	90591	39150377	-39150.377
90.5901	0	90591	391502246	-39150.2246
90.5902	0	90591	391514941	-39151.4941
90.5903	0	90591	391556074	-39155.6074
90.5904	0	90591	391548965	-39154.8965
90.5905	0	90592	391536133	-39153.6133
90.5906	0	90592	391545352	-39154.5352
90.5907	0	90592	391533242	-39153.3242
90.5908	0	90592	391498516	-39149.8516
90.5909	0	90592	391504746	-39150.4746
90.591	0	90592	391532539	-39153.2539
90.5911	0	90592	39154582	-39154.582
90.5912	0	90592	391579336	-39157.9336
90.5913	0	90592	391602949	-39160.2949
90.5914	0	90592	391572207	-39157.2207
90.5915	0	90593	39154123	-39154.123
90.5916	0	90593	391545527	-39154.5527
90.5917	0	90593	391530938	-39153.0938
90.5918	0	90593	391523574	-39152.3574
90.5919	0	90593	391544863	-39154.4863
90.592	0	90593	391571738	-39157.1738
90.5921	0	90593	391584414	-39158.4414
90.5922	0	90593	391592734	-39159.2734
90.5923	0	90593	391586367	-39158.6367
90.5924	0	90593	391579551	-39157.9551
90.5925	0	90594	391602168	-39160.2168
90.5926	0	90594	391598164	-39159.8164
90.5927	0	90594	391582734	-39158.2734
90.5928	0	90594	391561094	-39156.1094
90.5929	0	90594	391568789	-39156.8789
90.593	0	90594	391606055	-39160.6055
90.5931	0	90594	391620254	-39162.0254
90.5932	0	90594	391644805	-39164.4805
90.5933	0	90594	391653535	-39165.3535
90.5934	0	90594	391645215	-39164.5215
90.5935	0	90595	391661406	-39166.1406
90.5936	0	90595	391679297	-39167.9297
90.5937	0	90595	391675586	-39167.5586
90.5938	0	90595	391689395	-39168.9395
90.5939	0	90595	391737793	-39173.7793
90.594	0	90595	391759395	-39175.9395
90.5941	0	90595	391753184	-39175.3184
90.5942	0	90595	391793457	-39179.3457
90.5943	0	90595	3918075	-39180.75
90.5944	0	90595	39178873	-39178.873
90.5945	0	90596	391837344	-39183.7344
90.5946	0	90596	39184209	-39184.209
90.5947	0	90596	391820781	-39182.0781
90.5948	0	90596	391860117	-39186.0117
90.5949	0	90596	391878984	-39187.8984
90.595	0	90596	391870879	-39187.0879
90.5951	0	90596	391895	-39189.5
90.5952	0	90596	391947695	-39194.7695
90.5953	0	90596	39197748	-39197.748
90.5954	0	90596	391976719	-39197.6719
90.5955	0	90597	391974453	-39197.4453
90.5956	0	90597	391976797	-39197.6797
90.5957	0	90597	39196877	-39196.877
90.5958	0	90597	392002109	-39200.2109
90.5959	0	90597	392031289	-39203.1289
90.596	0	90597	391989121	-39198.9121
90.5961	0	90597	391949668	-39194.9668
90.5962	0	90597	391950293	-39195.0293
90.5963	0	90597	391946641	-39194.6641
90.5964	0	90597	391936836	-39193.6836
90.5965	0	90598	391948594	-39194.8594
90.5966	0	90598	39195291	-39195.291
90.5967	0	90598	391962363	-39196.2363
90.5968	0	90598	391961602	-39196.1602
90.5969	0	90598	391972852	-39197.2852
90.597	0	90598	392002949	-39200.2949
90.5971	0	90598	391988262	-39198.8262
90.5972	0	90598	391951113	-39195.1113
90.5973	0	90598	391947656	-39194.7656
90.5974	0	90598	39196084	-39196.084
90.5975	0	90599	391940527	-39194.0527
90.5976	0	90599	391946875	-39194.6875
90.5977	0	90599	391980957	-39198.0957
90.5978	0	90599	391980723	-39198.0723
90.5979	0	90599	391957207	-39195.7207
90.598	0	90599	391963613	-39196.3613
90.5981	0	90599	391989414	-39198.9414
90.5982	0	90599	391993457	-39199.3457
90.5983	0	90599	392002363	-39200.2363
90.5984	0	90599	392017754	-39201.7754
90.5985	0	90600	392020684	-39202.0684
90.5986	0	90600	392018594	-39201.8594
90.5987	0	90600	392045273	-39204.5273
90.5988	0	90600	392037539	-39203.7539
90.5989	0	90600	39200168	-39200.168
90.599	0	90600	391996934	-39199.6934
90.5991	0	90600	391972207	-39197.2207
90.5992	0	90600	391962246	-39196.2246
90.5993	0	90600	392004609	-39200.4609
90.5994	0	90600	392023145	-39202.3145
90.5995	0	90601	391999121	-39199.9121
90.5996	0	90601	391988457	-39198.8457
90.5997	0	90601	391973809	-39197.3809
90.5998	0	90601	391979531	-39197.9531
90.5999	0	90601	392003418	-39200.3418
90.6	0	90601	392001758	-39200.1758
90.6001	0	90601	392006172	-39200.6172
90.6002	0	90601	392021602	-39202.1602
90.6003	0	90601	392025176	-39202.5176
90.6004	0	90601	391996055	-39199.6055
90.6005	0	90602	391978359	-39197.8359
90.6006	0	90602	391971191	-39197.1191
90.6007	0	90602	391948398	-39194.8398
90.6008	0	90602	391956445	-39195.6445
90.6009	0	90602	391972852	-39197.2852
90.601	0	90602	391954414	-39195.4414
90.6011	0	90602	391924727	-39192.4727
90.6012	0	90602	391908965	-39190.8965
90.6013	0	90602	391907441	-39190.7441
90.6014	0	90602	391903867	-39190.3867
90.6015	0	90603	391905156	-39190.5156
90.6016	0	90603	391936387	-39193.6387
90.6017	0	90603	39194377	-39194.377
90.6018	0	90603	391930645	-39193.0645
90.6019	0	90603	391932891	-39193.2891
90.602	0	90603	391932285	-39193.2285
90.6021	0	90603	391925566	-39192.5566
90.6022	0	90603	391910645	-39191.0645
90.6023	0	90603	391886309	-39188.6309
90.6024	0	90603	391862988	-39186.2988
90.6025	0	90604	391868457	-39186.8457
90.6026	0	90604	391858301	-39185.8301
90.6027	0	90604	39182291	-39182.291
90.6028	0	90604	39182832	-39182.832
90.6029	0	90604	391886055	-39188.6055
90.603	0	90604	391910176	-39191.0176
90.6031	0	90604	391918203	-39191.8203
90.6032	0	90604	391960977	-39196.0977
90.6033	0	90604	391970273	-39197.0273
90.6034	0	90604	391957402	-39195.7402
90.6035	0	90605	39196084	-39196.084
90.6036	0	90605	391983359	-39198.3359
90.6037	0	90605	391971641	-39197.1641
90.6038	0	90605	39194375	-39194.375
90.6039	0	90605	391932676	-39193.2676
90.604	0	90605	391920488	-39192.0488
90.6041	0	90605	391926035	-39192.6035
90.6042	0	90605	39191957	-39191.957
90.6043	0	90605	39191666	-39191.666
90.6044	0	90605	391908555	-39190.8555
90.6045	0	90606	391860195	-39186.0195
90.6046	0	90606	391827031	-39182.7031
90.6047	0	90606	391814238	-39181.4238
90.6048	0	90606	391789805	-39178.9805
90.6049	0	90606	391776191	-39177.6191
90.605	0	90606	391755371	-39175.5371
90.6051	0	90606	391737734	-39173.7734
90.6052	0	90606	39173584	-39173.584
90.6053	0	90606	391721309	-39172.1309
90.6054	0	90606	391737559	-39173.7559
90.6055	0	90607	391736973	-39173.6973
90.6056	0	90607	391681406	-39168.1406
90.6057	0	90607	391645957	-39164.5957
90.6058	0	90607	391641836	-39164.1836
90.6059	0	90607	391631484	-39163.1484
90.606	0	90607	391665586	-39166.5586
90.6061	0	90607	391699805	-39169.9805
90.6062	0	90607	391663184	-39166.3184
90.6063	0	90607	39166291	-39166.291
90.6064	0	90607	391669375	-39166.9375
90.6065	0	90608	39163373	-39163.373
90.6066	0	90608	391604199	-39160.4199
90.6067	0	90608	391593066	-39159.3066
90.6068	0	90608	391569062	-39156.9062
90.6069	0	90608	391543789	-39154.3789
90.607	0	90608	391576094	-39157.6094
90.6071	0	90608	391605391	-39160.5391
90.6072	0	90608	391596465	-39159.6465
90.6073	0	90608	391604277	-39160.4277
90.6074	0	90608	391590859	-39159.0859
90.6075	0	90609	391534805	-39153.4805
90.6076	0	90609	391497207	-39149.7207
90.6077	0	90609	391475918	-39147.5918
90.6078	0	90609	391479961	-39147.9961
90.6079	0	90609	391514785	-39151.4785
90.608	0	90609	391523008	-39152.3008
90.6081	0	90609	391489531	-39148.9531
90.6082	0	90609	391472246	-39147.2246
90.6083	0	90609	391459746	-39145.9746
90.6084	0	90609	391445918	-39144.5918
90.6085	0	90610	391456211	-39145.6211
90.6086	0	90610	391441387	-39144.1387
90.6087	0	90610	391435039	-39143.5039
90.6088	0	90610	39143623	-39143.623
90.6089	0	90610	391451406	-39145.1406
90.609	0	90610	391479277	-39147.9277
90.6091	0	90610	391469902	-39146.9902
90.6092	0	90610	391455586	-39145.5586
90.6093	0	90610	39143373	-39143.373
90.6094	0	90610	391429004	-39142.9004
90.6095	0	90611	391466094	-39146.6094
90.6096	0	90611	391481465	-39148.1465
90.6097	0	90611	391442305	-39144.2305
90.6098	0	90611	391431582	-39143.1582
90.6099	0	90611	391443809	-39144.3809
90.61	0	90611	391435391	-39143.5391
90.6101	0	90611	39145082	-39145.082
90.6102	0	90611	391465039	-39146.5039
90.6103	0	90611	391444141	-39144.4141
90.6104	0	90611	39144502	-39144.502
90.6105	0	90612	391486348	-39148.6348
90.6106	0	90612	391496055	-39149.6055
90.6107	0	90612	391485801	-39148.5801
90.6108	0	90612	39148666	-39148.666
90.6109	0	90612	391486094	-39148.6094
90.611	0	90612	391477441	-39147.7441
90.6111	0	90612	391495	-39149.5
90.6112	0	90612	391551992	-39155.1992
90.6113	0	90612	391578613	-39157.8613
90.6114	0	90612	391577227	-39157.7227
90.6115	0	90613	391581719	-39158.1719
90.6116	0	90613	391579629	-39157.9629
90.6117	0	90613	391567422	-39156.7422
90.6118	0	90613	391598613	-39159.8613
90.6119	0	90613	391645879	-39164.5879
90.612	0	90613	391666758	-39166.6758
90.6121	0	90613	391673652	-39167.3652
90.6122	0	90613	391673906	-39167.3906
90.6123	0	90613	3916725	-39167.25
90.6124	0	90613	391668867	-39166.8867
90.6125	0	90614	391704824	-39170.4824
90.6126	0	90614	391747852	-39174.7852
90.6127	0	90614	391765332	-39176.5332
90.6128	0	90614	391754453	-39175.4453
90.6129	0	90614	391762148	-39176.2148
90.613	0	90614	391774609	-39177.4609
90.6131	0	90614	391768633	-39176.8633
90.6132	0	90614	391779082	-39177.9082
90.6133	0	90614	391790742	-39179.0742
90.6134	0	90614	391805469	-39180.5469
90.6135	0	90615	391819238	-39181.9238
90.6136	0	90615	39185416	-39185.416
90.6137	0	90615	391857871	-39185.7871
90.6138	0	90615	391839004	-39183.9004
90.6139	0	90615	391834277	-39183.4277
90.614	0	90615	391824824	-39182.4824
90.6141	0	90615	391828066	-39182.8066
90.6142	0	90615	391822734	-39182.2734
90.6143	0	90615	391806152	-39180.6152
90.6144	0	90615	39179418	-39179.418
90.6145	0	90616	391795293	-39179.5293
90.6146	0	90616	391789238	-39178.9238
90.6147	0	90616	391782363	-39178.2363
90.6148	0	90616	391775586	-39177.5586
90.6149	0	90616	391781426	-39178.1426
90.615	0	90616	391790879	-39179.0879
90.6151	0	90616	391772695	-39177.2695
90.6152	0	90616	391751855	-39175.1855
90.6153	0	90616	391719023	-39171.9023
90.6154	0	90616	391699863	-39169.9863
90.6155	0	90617	39170123	-39170.123
90.6156	0	90617	391711172	-39171.1172
90.6157	0	90617	391732188	-39173.2188
90.6158	0	90617	39175168	-39175.168
90.6159	0	90617	391760332	-39176.0332
90.616	0	90617	391761426	-39176.1426
90.6161	0	90617	391743281	-39174.3281
90.6162	0	90617	391711777	-39171.1777
90.6163	0	90617	391722129	-39172.2129
90.6164	0	90617	391741973	-39174.1973
90.6165	0	90618	39173123	-39173.123
90.6166	0	90618	391711895	-39171.1895
90.6167	0	90618	391739941	-39173.9941
90.6168	0	90618	391790508	-39179.0508
90.6169	0	90618	391836523	-39183.6523
90.617	0	90618	391869297	-39186.9297
90.6171	0	90618	391857793	-39185.7793
90.6172	0	90618	391852852	-39185.2852
90.6173	0	90618	39185582	-39185.582
90.6174	0	90618	391869316	-39186.9316
90.6175	0	90619	391894922	-39189.4922
90.6176	0	90619	391932441	-39193.2441
90.6177	0	90619	391975547	-39197.5547
90.6178	0	90619	392008281	-39200.8281
90.6179	0	90619	392011133	-39201.1133
90.618	0	90619	391952285	-39195.2285
90.6181	0	90619	391921074	-39192.1074
90.6182	0	90619	391975898	-39197.5898
90.6183	0	90619	392009902	-39200.9902
90.6184	0	90619	39200248	-39200.248
90.6185	0	90620	392035781	-39203.5781
90.6186	0	90620	392050488	-39205.0488
90.6187	0	90620	392053066	-39205.3066
90.6188	0	90620	392075273	-39207.5273
90.6189	0	90620	392068242	-39206.8242
90.619	0	90620	392043301	-39204.3301
90.6191	0	90620	392041973	-39204.1973
90.6192	0	90620	392076836	-39207.6836
90.6193	0	90620	392088945	-39208.8945
90.6194	0	90620	392058613	-39205.8613
90.6195	0	90621	392030781	-39203.0781
90.6196	0	90621	392011328	-39201.1328
90.6197	0	90621	391942793	-39194.2793
90.6198	0	90621	39192252	-39192.252
90.6199	0	90621	391948086	-39194.8086
90.62	0	90621	391916191	-39191.6191
90.6201	0	90621	391912773	-39191.2773
90.6202	0	90621	391937266	-39193.7266
90.6203	0	90621	391941133	-39194.1133
90.6204	0	90621	391917461	-39191.7461
90.6205	0	90622	391910742	-39191.0742
90.6206	0	90622	391909355	-39190.9355
90.6207	0	90622	391887637	-39188.7637
90.6208	0	90622	391897617	-39189.7617
90.6209	0	90622	391899727	-39189.9727
90.621	0	90622	391860801	-39186.0801
90.6211	0	90622	391830547	-39183.0547
90.6212	0	90622	391811328	-39181.1328
90.6213	0	90622	391780664	-39178.0664
90.6214	0	90622	391748809	-39174.8809
90.6215	0	90623	391742461	-39174.2461
90.6216	0	90623	391758105	-39175.8105
90.6217	0	90623	391743613	-39174.3613
90.6218	0	90623	391739824	-39173.9824
90.6219	0	90623	391762891	-39176.2891
90.622	0	90623	391771035	-39177.1035
90.6221	0	90623	391741543	-39174.1543
90.6222	0	90623	391697988	-39169.7988
90.6223	0	90623	39166873	-39166.873
90.6224	0	90623	391631055	-39163.1055
90.6225	0	90624	39159918	-39159.918
90.6226	0	90624	391581074	-39158.1074
90.6227	0	90624	391591309	-39159.1309
90.6228	0	90624	391578125	-39157.8125
90.6229	0	90624	391559629	-39155.9629
90.623	0	90624	391566016	-39156.6016
90.6231	0	90624	391555898	-39155.5898
90.6232	0	90624	391544844	-39154.4844
90.6233	0	90624	391553477	-39155.3477
90.6234	0	90624	391575215	-39157.5215
90.6235	0	90625	391557266	-39155.7266
90.6236	0	90625	391560625	-39156.0625
90.6237	0	90625	391571816	-39157.1816
90.6238	0	90625	391549453	-39154.9453
90.6239	0	90625	391532676	-39153.2676
90.624	0	90625	391507188	-39150.7188
90.6241	0	90625	391518691	-39151.8691
90.6242	0	90625	391538164	-39153.8164
90.6243	0	90625	391542578	-39154.2578
90.6244	0	90625	391567012	-39156.7012
90.6245	0	90626	391557441	-39155.7441
90.6246	0	90626	391506875	-39150.6875
90.6247	0	90626	391490547	-39149.0547
90.6248	0	90626	391507246	-39150.7246
90.6249	0	90626	391536797	-39153.6797
90.625	0	90626	391560859	-39156.0859
90.6251	0	90626	391554297	-39155.4297
90.6252	0	90626	391541582	-39154.1582
90.6253	0	90626	391546426	-39154.6426
90.6254	0	90626	39154918	-39154.918
90.6255	0	90627	391524434	-39152.4434
90.6256	0	90627	391541484	-39154.1484
90.6257	0	90627	391569707	-39156.9707
90.6258	0	90627	391562402	-39156.2402
90.6259	0	90627	391547891	-39154.7891
90.626	0	90627	391562559	-39156.2559
90.6261	0	90627	391611191	-39161.1191
90.6262	0	90627	391648555	-39164.8555
90.6263	0	90627	391665547	-39166.5547
90.6264	0	90627	391656426	-39165.6426
90.6265	0	90628	391660039	-39166.0039
90.6266	0	90628	391662324	-39166.2324
90.6267	0	90628	39168125	-39168.125
90.6268	0	90628	391705332	-39170.5332
90.6269	0	90628	391678965	-39167.8965
90.627	0	90628	391654414	-39165.4414
90.6271	0	90628	391667832	-39166.7832
90.6272	0	90628	391705859	-39170.5859
90.6273	0	90628	391708828	-39170.8828
90.6274	0	90628	391698496	-39169.8496
90.6275	0	90629	391718984	-39171.8984
90.6276	0	90629	391736016	-39173.6016
90.6277	0	90629	391717598	-39171.7598
90.6278	0	90629	391719805	-39171.9805
90.6279	0	90629	391738984	-39173.8984
90.628	0	90629	391709512	-39170.9512
90.6281	0	90629	391688066	-39168.8066
90.6282	0	90629	391703594	-39170.3594
90.6283	0	90629	391696777	-39169.6777
90.6284	0	90629	391637793	-39163.7793
90.6285	0	90630	391616055	-39161.6055
90.6286	0	90630	391631738	-39163.1738
90.6287	0	90630	391632324	-39163.2324
90.6288	0	90630	391614707	-39161.4707
90.6289	0	90630	391591738	-39159.1738
90.629	0	90630	391596504	-39159.6504
90.6291	0	90630	391614453	-39161.4453
90.6292	0	90630	391623027	-39162.3027
90.6293	0	90630	391606387	-39160.6387
90.6294	0	90630	39158377	-39158.377
90.6295	0	90631	391582793	-39158.2793
90.6296	0	90631	391626367	-39162.6367
90.6297	0	90631	391634082	-39163.4082
90.6298	0	90631	391590723	-39159.0723
90.6299	0	90631	391597305	-39159.7305
90.63	0	90631	391645957	-39164.5957
90.6301	0	90631	391667988	-39166.7988
90.6302	0	90631	391670527	-39167.0527
90.6303	0	90631	391685	-39168.5
90.6304	0	90631	391700723	-39170.0723
90.6305	0	90632	391730078	-39173.0078
90.6306	0	90632	391716699	-39171.6699
90.6307	0	90632	391707695	-39170.7695
90.6308	0	90632	391734746	-39173.4746
90.6309	0	90632	391722402	-39172.2402
90.631	0	90632	391708203	-39170.8203
90.6311	0	90632	391709141	-39170.9141
90.6312	0	90632	391714688	-39171.4688
90.6313	0	90632	391707949	-39170.7949
90.6314	0	90632	391678691	-39167.8691
90.6315	0	90633	391661035	-39166.1035
90.6316	0	90633	391662461	-39166.2461
90.6317	0	90633	391632344	-39163.2344
90.6318	0	90633	391593809	-39159.3809
90.6319	0	90633	391571621	-39157.1621
90.632	0	90633	391554434	-39155.4434
90.6321	0	90633	391567441	-39156.7441
90.6322	0	90633	391576992	-39157.6992
90.6323	0	90633	391565469	-39156.5469
90.6324	0	90633	391565742	-39156.5742
90.6325	0	90634	391632832	-39163.2832
90.6326	0	90634	391698105	-39169.8105
90.6327	0	90634	391684727	-39168.4727
90.6328	0	90634	391662402	-39166.2402
90.6329	0	90634	391664102	-39166.4102
90.633	0	90634	391684141	-39168.4141
90.6331	0	90634	391704531	-39170.4531
90.6332	0	90634	391724766	-39172.4766
90.6333	0	90634	391759297	-39175.9297
90.6334	0	90634	39178002	-39178.002
90.6335	0	90635	391780547	-39178.0547
90.6336	0	90635	39179959	-39179.959
90.6337	0	90635	391815117	-39181.5117
90.6338	0	90635	391816152	-39181.6152
90.6339	0	90635	391809121	-39180.9121
90.634	0	90635	391794648	-39179.4648
90.6341	0	90635	391789141	-39178.9141
90.6342	0	90635	391799297	-39179.9297
90.6343	0	90635	391819473	-39181.9473
90.6344	0	90635	391801562	-39180.1562
90.6345	0	90636	39178707	-39178.707
90.6346	0	90636	391819219	-39181.9219
90.6347	0	90636	391841562	-39184.1562
90.6348	0	90636	391828457	-39182.8457
90.6349	0	90636	391818809	-39181.8809
90.635	0	90636	391819648	-39181.9648
90.6351	0	90636	391822656	-39182.2656
90.6352	0	90636	39181791	-39181.791
90.6353	0	90636	391787812	-39178.7812
90.6354	0	90636	391765508	-39176.5508
90.6355	0	90637	391745156	-39174.5156
90.6356	0	90637	391750781	-39175.0781
90.6357	0	90637	391771816	-39177.1816
90.6358	0	90637	391804688	-39180.4688
90.6359	0	90637	391877051	-39187.7051
90.636	0	90637	39190377	-39190.377
90.6361	0	90637	391883164	-39188.3164
90.6362	0	90637	391893789	-39189.3789
90.6363	0	90637	391915293	-39191.5293
90.6364	0	90637	391912598	-39191.2598
90.6365	0	90638	39193707	-39193.707
90.6366	0	90638	391993809	-39199.3809
90.6367	0	90638	392033867	-39203.3867
90.6368	0	90638	392019121	-39201.9121
90.6369	0	90638	392030293	-39203.0293
90.637	0	90638	392085098	-39208.5098
90.6371	0	90638	392081445	-39208.1445
90.6372	0	90638	392069102	-39206.9102
90.6373	0	90638	392076543	-39207.6543
90.6374	0	90638	392061133	-39206.1133
90.6375	0	90639	392027871	-39202.7871
90.6376	0	90639	392012656	-39201.2656
90.6377	0	90639	392031016	-39203.1016
90.6378	0	90639	392052305	-39205.2305
90.6379	0	90639	392055625	-39205.5625
90.638	0	90639	392068184	-39206.8184
90.6381	0	90639	392080645	-39208.0645
90.6382	0	90639	392081016	-39208.1016
90.6383	0	90639	392062871	-39206.2871
90.6384	0	90639	392031465	-39203.1465
90.6385	0	90640	392043633	-39204.3633
90.6386	0	90640	392072598	-39207.2598
90.6387	0	90640	392066836	-39206.6836
90.6388	0	90640	392035566	-39203.5566
90.6389	0	90640	392043223	-39204.3223
90.639	0	90640	392051562	-39205.1562
90.6391	0	90640	392023438	-39202.3438
90.6392	0	90640	392027773	-39202.7773
90.6393	0	90640	39202834	-39202.834
90.6394	0	90640	39201998	-39201.998
90.6395	0	90641	39203043	-39203.043
90.6396	0	90641	392025	-39202.5
90.6397	0	90641	392004258	-39200.4258
90.6398	0	90641	392012109	-39201.2109
90.6399	0	90641	392040625	-39204.0625
90.64	0	90641	392052578	-39205.2578
90.6401	0	90641	39203668	-39203.668
90.6402	0	90641	39204459	-39204.459
90.6403	0	90641	392090859	-39209.0859
90.6404	0	90641	392101152	-39210.1152
90.6405	0	90642	392099609	-39209.9609
90.6406	0	90642	392099414	-39209.9414
90.6407	0	90642	392096094	-39209.6094
90.6408	0	90642	392095195	-39209.5195
90.6409	0	90642	392099492	-39209.9492
90.641	0	90642	392082773	-39208.2773
90.6411	0	90642	392031758	-39203.1758
90.6412	0	90642	391999473	-39199.9473
90.6413	0	90642	391975352	-39197.5352
90.6414	0	90642	39196541	-39196.541
90.6415	0	90643	391958164	-39195.8164
90.6416	0	90643	391941035	-39194.1035
90.6417	0	90643	391931055	-39193.1055
90.6418	0	90643	391930293	-39193.0293
90.6419	0	90643	391925	-39192.5
90.642	0	90643	391919941	-39191.9941
90.6421	0	90643	391919727	-39191.9727
90.6422	0	90643	391903203	-39190.3203
90.6423	0	90643	391886387	-39188.6387
90.6424	0	90643	391871113	-39187.1113
90.6425	0	90644	391863516	-39186.3516
90.6426	0	90644	391828809	-39182.8809
90.6427	0	90644	391792969	-39179.2969
90.6428	0	90644	391801797	-39180.1797
90.6429	0	90644	391819062	-39181.9062
90.643	0	90644	391833379	-39183.3379
90.6431	0	90644	391818848	-39181.8848
90.6432	0	90644	391791094	-39179.1094
90.6433	0	90644	391773203	-39177.3203
90.6434	0	90644	391762617	-39176.2617
90.6435	0	90645	391757734	-39175.7734
90.6436	0	90645	391735527	-39173.5527
90.6437	0	90645	391693438	-39169.3438
90.6438	0	90645	391660078	-39166.0078
90.6439	0	90645	391631582	-39163.1582
90.644	0	90645	39159166	-39159.166
90.6441	0	90645	391601074	-39160.1074
90.6442	0	90645	391638008	-39163.8008
90.6443	0	90645	391621797	-39162.1797
90.6444	0	90645	391628125	-39162.8125
90.6445	0	90646	391640156	-39164.0156
90.6446	0	90646	391607988	-39160.7988
90.6447	0	90646	391599609	-39159.9609
90.6448	0	90646	391595625	-39159.5625
90.6449	0	90646	391612773	-39161.2773
90.645	0	90646	391624316	-39162.4316
90.6451	0	90646	391610332	-39161.0332
90.6452	0	90646	391641738	-39164.1738
90.6453	0	90646	39165293	-39165.293
90.6454	0	90646	391642793	-39164.2793
90.6455	0	90647	391647285	-39164.7285
90.6456	0	90647	39163834	-39163.834
90.6457	0	90647	3916275	-39162.75
90.6458	0	90647	391608359	-39160.8359
90.6459	0	90647	391559863	-39155.9863
90.646	0	90647	391536934	-39153.6934
90.6461	0	90647	391562227	-39156.2227
90.6462	0	90647	39158582	-39158.582
90.6463	0	90647	391610664	-39161.0664
90.6464	0	90647	391628496	-39162.8496
90.6465	0	90648	391634043	-39163.4043
90.6466	0	90648	391626816	-39162.6816
90.6467	0	90648	391629746	-39162.9746
90.6468	0	90648	391622715	-39162.2715
90.6469	0	90648	391612988	-39161.2988
90.647	0	90648	391627402	-39162.7402
90.6471	0	90648	391606191	-39160.6191
90.6472	0	90648	39158582	-39158.582
90.6473	0	90648	391595195	-39159.5195
90.6474	0	90648	391600117	-39160.0117
90.6475	0	90649	391596895	-39159.6895
90.6476	0	90649	391590742	-39159.0742
90.6477	0	90649	391559688	-39155.9688
90.6478	0	90649	391548965	-39154.8965
90.6479	0	90649	391563574	-39156.3574
90.648	0	90649	391529609	-39152.9609
90.6481	0	90649	391507363	-39150.7363
90.6482	0	90649	39152168	-39152.168
90.6483	0	90649	391541348	-39154.1348
90.6484	0	90649	391535996	-39153.5996
90.6485	0	90650	391500469	-39150.0469
90.6486	0	90650	391485195	-39148.5195
90.6487	0	90650	391480762	-39148.0762
90.6488	0	90650	391482617	-39148.2617
90.6489	0	90650	391501367	-39150.1367
90.649	0	90650	391489258	-39148.9258
90.6491	0	90650	391476895	-39147.6895
90.6492	0	90650	391505176	-39150.5176
90.6493	0	90650	391491094	-39149.1094
90.6494	0	90650	391455898	-39145.5898
90.6495	0	90651	391476406	-39147.6406
90.6496	0	90651	391509375	-39150.9375
90.6497	0	90651	391490664	-39149.0664
90.6498	0	90651	391479805	-39147.9805
90.6499	0	90651	391497266	-39149.7266
90.65	0	90651	391489785	-39148.9785
90.6501	0	90651	391514746	-39151.4746
90.6502	0	90651	391537285	-39153.7285
90.6503	0	90651	39151625	-39151.625
90.6504	0	90651	391522227	-39152.2227
90.6505	0	90652	391557793	-39155.7793
90.6506	0	90652	391561914	-39156.1914
90.6507	0	90652	39153377	-39153.377
90.6508	0	90652	39153832	-39153.832
90.6509	0	90652	391553105	-39155.3105
90.651	0	90652	391560234	-39156.0234
90.6511	0	90652	391579297	-39157.9297
90.6512	0	90652	391601387	-39160.1387
90.6513	0	90652	39162541	-39162.541
90.6514	0	90652	391618184	-39161.8184
90.6515	0	90653	391600332	-39160.0332
90.6516	0	90653	391620859	-39162.0859
90.6517	0	90653	391640371	-39164.0371
90.6518	0	90653	391651484	-39165.1484
90.6519	0	90653	39165168	-39165.168
90.652	0	90653	39164002	-39164.002
90.6521	0	90653	391636504	-39163.6504
90.6522	0	90653	391645332	-39164.5332
90.6523	0	90653	39167459	-39167.459
90.6524	0	90653	391680547	-39168.0547
90.6525	0	90654	391702988	-39170.2988
90.6526	0	90654	391751035	-39175.1035
90.6527	0	90654	391767207	-39176.7207
90.6528	0	90654	391741836	-39174.1836
90.6529	0	90654	391700566	-39170.0566
90.653	0	90654	391692148	-39169.2148
90.6531	0	90654	39170832	-39170.832
90.6532	0	90654	391720527	-39172.0527
90.6533	0	90654	391729805	-39172.9805
90.6534	0	90654	391731309	-39173.1309
90.6535	0	90655	391711484	-39171.1484
90.6536	0	90655	391736758	-39173.6758
90.6537	0	90655	391754512	-39175.4512
90.6538	0	90655	391727402	-39172.7402
90.6539	0	90655	391746309	-39174.6309
90.654	0	90655	391769785	-39176.9785
90.6541	0	90655	391765996	-39176.5996
90.6542	0	90655	39175377	-39175.377
90.6543	0	90655	391767969	-39176.7969
90.6544	0	90655	391784395	-39178.4395
90.6545	0	90656	391782988	-39178.2988
90.6546	0	90656	391819316	-39181.9316
90.6547	0	90656	391863496	-39186.3496
90.6548	0	90656	391851133	-39185.1133
90.6549	0	90656	39180666	-39180.666
90.655	0	90656	391808145	-39180.8145
90.6551	0	90656	391830918	-39183.0918
90.6552	0	90656	391832266	-39183.2266
90.6553	0	90656	391822852	-39182.2852
90.6554	0	90656	391830957	-39183.0957
90.6555	0	90657	39183832	-39183.832
90.6556	0	90657	391836074	-39183.6074
90.6557	0	90657	391850664	-39185.0664
90.6558	0	90657	391863105	-39186.3105
90.6559	0	90657	391866465	-39186.6465
90.656	0	90657	391878809	-39187.8809
90.6561	0	90657	391873984	-39187.3984
90.6562	0	90657	391844688	-39184.4688
90.6563	0	90657	391822852	-39182.2852
90.6564	0	90657	391793086	-39179.3086
90.6565	0	90658	391804883	-39180.4883
90.6566	0	90658	391831094	-39183.1094
90.6567	0	90658	391845957	-39184.5957
90.6568	0	90658	391872988	-39187.2988
90.6569	0	90658	391879766	-39187.9766
90.657	0	90658	391896855	-39189.6855
90.6571	0	90658	39192041	-39192.041
90.6572	0	90658	391911367	-39191.1367
90.6573	0	90658	391865703	-39186.5703
90.6574	0	90658	391844141	-39184.4141
90.6575	0	90659	391903652	-39190.3652
90.6576	0	90659	391968301	-39196.8301
90.6577	0	90659	391974375	-39197.4375
90.6578	0	90659	39198416	-39198.416
90.6579	0	90659	392000566	-39200.0566
90.658	0	90659	392015664	-39201.5664
90.6581	0	90659	392036562	-39203.6562
90.6582	0	90659	392053672	-39205.3672
90.6583	0	90659	392067773	-39206.7773
90.6584	0	90659	392067637	-39206.7637
90.6585	0	90660	392089766	-39208.9766
90.6586	0	90660	392090039	-39209.0039
90.6587	0	90660	392068027	-39206.8027
90.6588	0	90660	392041094	-39204.1094
90.6589	0	90660	392011094	-39201.1094
90.659	0	90660	392009844	-39200.9844
90.6591	0	90660	391994902	-39199.4902
90.6592	0	90660	391973066	-39197.3066
90.6593	0	90660	39196457	-39196.457
90.6594	0	90660	39196043	-39196.043
90.6595	0	90661	391921445	-39192.1445
90.6596	0	90661	391904316	-39190.4316
90.6597	0	90661	39190877	-39190.877
90.6598	0	90661	391894004	-39189.4004
90.6599	0	90661	391919121	-39191.9121
90.66	0	90661	39196334	-39196.334
90.6601	0	90661	391950996	-39195.0996
90.6602	0	90661	391903262	-39190.3262
90.6603	0	90661	39193873	-39193.873
90.6604	0	90661	391976914	-39197.6914
90.6605	0	90662	391954238	-39195.4238
90.6606	0	90662	391942109	-39194.2109
90.6607	0	90662	391938867	-39193.8867
90.6608	0	90662	391922441	-39192.2441
90.6609	0	90662	391934941	-39193.4941
90.661	0	90662	391982852	-39198.2852
90.6611	0	90662	391980449	-39198.0449
90.6612	0	90662	39195541	-39195.541
90.6613	0	90662	391939512	-39193.9512
90.6614	0	90662	391939258	-39193.9258
90.6615	0	90663	391956777	-39195.6777
90.6616	0	90663	39197418	-39197.418
90.6617	0	90663	391990859	-39199.0859
90.6618	0	90663	391978516	-39197.8516
90.6619	0	90663	391943262	-39194.3262
90.662	0	90663	391935508	-39193.5508
90.6621	0	90663	391950176	-39195.0176
90.6622	0	90663	391946719	-39194.6719
90.6623	0	90663	391937949	-39193.7949
90.6624	0	90663	391928652	-39192.8652
90.6625	0	90664	391945176	-39194.5176
90.6626	0	90664	391939258	-39193.9258
90.6627	0	90664	391893887	-39189.3887
90.6628	0	90664	391889727	-39188.9727
90.6629	0	90664	391900254	-39190.0254
90.663	0	90664	391899844	-39189.9844
90.6631	0	90664	391907969	-39190.7969
90.6632	0	90664	391906465	-39190.6465
90.6633	0	90664	391881406	-39188.1406
90.6634	0	90664	39187373	-39187.373
90.6635	0	90665	391868848	-39186.8848
90.6636	0	90665	391871895	-39187.1895
90.6637	0	90665	39188166	-39188.166
90.6638	0	90665	391864473	-39186.4473
90.6639	0	90665	391855332	-39185.5332
90.664	0	90665	391831562	-39183.1562
90.6641	0	90665	391822129	-39182.2129
90.6642	0	90665	391814902	-39181.4902
90.6643	0	90665	391765371	-39176.5371
90.6644	0	90665	391769395	-39176.9395
90.6645	0	90666	391806191	-39180.6191
90.6646	0	90666	39176209	-39176.209
90.6647	0	90666	391683809	-39168.3809
90.6648	0	90666	391671895	-39167.1895
90.6649	0	90666	391689062	-39168.9062
90.665	0	90666	39166502	-39166.502
90.6651	0	90666	391652676	-39165.2676
90.6652	0	90666	391666445	-39166.6445
90.6653	0	90666	391621719	-39162.1719
90.6654	0	90666	391565273	-39156.5273
90.6655	0	90667	391565039	-39156.5039
90.6656	0	90667	391580234	-39158.0234
90.6657	0	90667	391554004	-39155.4004
90.6658	0	90667	391529336	-39152.9336
90.6659	0	90667	391498086	-39149.8086
90.666	0	90667	391453906	-39145.3906
90.6661	0	90667	391483223	-39148.3223
90.6662	0	90667	391548125	-39154.8125
90.6663	0	90667	391565234	-39156.5234
90.6664	0	90667	391528789	-39152.8789
90.6665	0	90668	391560918	-39156.0918
90.6666	0	90668	391598281	-39159.8281
90.6667	0	90668	391558691	-39155.8691
90.6668	0	90668	391558809	-39155.8809
90.6669	0	90668	391578242	-39157.8242
90.667	0	90668	391521133	-39152.1133
90.6671	0	90668	39146377	-39146.377
90.6672	0	90668	391499023	-39149.9023
90.6673	0	90668	391522012	-39152.2012
90.6674	0	90668	391514902	-39151.4902
90.6675	0	90669	39151334	-39151.334
90.6676	0	90669	391521855	-39152.1855
90.6677	0	90669	391543223	-39154.3223
90.6678	0	90669	391541934	-39154.1934
90.6679	0	90669	391542773	-39154.2773
90.668	0	90669	391545215	-39154.5215
90.6681	0	90669	39152666	-39152.666
90.6682	0	90669	391518867	-39151.8867
90.6683	0	90669	391535039	-39153.5039
90.6684	0	90669	391536328	-39153.6328
90.6685	0	90670	391529336	-39152.9336
90.6686	0	90670	391515098	-39151.5098
90.6687	0	90670	391519395	-39151.9395
90.6688	0	90670	391537695	-39153.7695
90.6689	0	90670	391534238	-39153.4238
90.669	0	90670	391550625	-39155.0625
90.6691	0	90670	391565898	-39156.5898
90.6692	0	90670	391588516	-39158.8516
90.6693	0	90670	391601289	-39160.1289
90.6694	0	90670	391562695	-39156.2695
90.6695	0	90671	39151623	-39151.623
90.6696	0	90671	391514629	-39151.4629
90.6697	0	90671	391530117	-39153.0117
90.6698	0	90671	39153459	-39153.459
90.6699	0	90671	391535078	-39153.5078
90.67	0	90671	391524492	-39152.4492
90.6701	0	90671	391531816	-39153.1816
90.6702	0	90671	391529141	-39152.9141
90.6703	0	90671	391539062	-39153.9062
90.6704	0	90671	391575488	-39157.5488
90.6705	0	90672	391582715	-39158.2715
90.6706	0	90672	39157084	-39157.084
90.6707	0	90672	391559707	-39155.9707
90.6708	0	90672	391553926	-39155.3926
90.6709	0	90672	391532383	-39153.2383
90.671	0	90672	391505879	-39150.5879
90.6711	0	90672	391536504	-39153.6504
90.6712	0	90672	391565957	-39156.5957
90.6713	0	90672	391576582	-39157.6582
90.6714	0	90672	391612637	-39161.2637
90.6715	0	90673	391600566	-39160.0566
90.6716	0	90673	391596445	-39159.6445
90.6717	0	90673	391595078	-39159.5078
90.6718	0	90673	391551875	-39155.1875
90.6719	0	90673	391526426	-39152.6426
90.672	0	90673	391512422	-39151.2422
90.6721	0	90673	391534727	-39153.4727
90.6722	0	90673	391555938	-39155.5938
90.6723	0	90673	391541719	-39154.1719
90.6724	0	90673	391532461	-39153.2461
90.6725	0	90674	391565488	-39156.5488
90.6726	0	90674	391594023	-39159.4023
90.6727	0	90674	39160793	-39160.793
90.6728	0	90674	391612227	-39161.2227
90.6729	0	90674	391608809	-39160.8809
90.673	0	90674	391628672	-39162.8672
90.6731	0	90674	391652129	-39165.2129
90.6732	0	90674	391692324	-39169.2324
90.6733	0	90674	391718203	-39171.8203
90.6734	0	90674	391725547	-39172.5547
90.6735	0	90675	39169582	-39169.582
90.6736	0	90675	391695742	-39169.5742
90.6737	0	90675	391744277	-39174.4277
90.6738	0	90675	39174918	-39174.918
90.6739	0	90675	391769043	-39176.9043
90.674	0	90675	391774785	-39177.4785
90.6741	0	90675	391756211	-39175.6211
90.6742	0	90675	391777539	-39177.7539
90.6743	0	90675	391784824	-39178.4824
90.6744	0	90675	391772656	-39177.2656
90.6745	0	90676	39178793	-39178.793
90.6746	0	90676	391821582	-39182.1582
90.6747	0	90676	391855645	-39185.5645
90.6748	0	90676	391865273	-39186.5273
90.6749	0	90676	391860977	-39186.0977
90.675	0	90676	391865918	-39186.5918
90.6751	0	90676	391878027	-39187.8027
90.6752	0	90676	391903848	-39190.3848
90.6753	0	90676	391921719	-39192.1719
90.6754	0	90676	391922227	-39192.2227
90.6755	0	90677	391921113	-39192.1113
90.6756	0	90677	391940273	-39194.0273
90.6757	0	90677	391949688	-39194.9688
90.6758	0	90677	391963594	-39196.3594
90.6759	0	90677	391988945	-39198.8945
90.676	0	90677	392001445	-39200.1445
90.6761	0	90677	392011719	-39201.1719
90.6762	0	90677	391976914	-39197.6914
90.6763	0	90677	391955527	-39195.5527
90.6764	0	90677	391974902	-39197.4902
90.6765	0	90678	39200291	-39200.291
90.6766	0	90678	392005391	-39200.5391
90.6767	0	90678	391975371	-39197.5371
90.6768	0	90678	391979883	-39197.9883
90.6769	0	90678	392030156	-39203.0156
90.677	0	90678	392084707	-39208.4707
90.6771	0	90678	392085391	-39208.5391
90.6772	0	90678	392059238	-39205.9238
90.6773	0	90678	392043535	-39204.3535
90.6774	0	90678	392030195	-39203.0195
90.6775	0	90679	392007363	-39200.7363
90.6776	0	90679	392008672	-39200.8672
90.6777	0	90679	39201793	-39201.793
90.6778	0	90679	392013496	-39201.3496
90.6779	0	90679	392015117	-39201.5117
90.678	0	90679	39200707	-39200.707
90.6781	0	90679	392000742	-39200.0742
90.6782	0	90679	391992266	-39199.2266
90.6783	0	90679	391995254	-39199.5254
90.6784	0	90679	391971543	-39197.1543
90.6785	0	90680	391941055	-39194.1055
90.6786	0	90680	391949512	-39194.9512
90.6787	0	90680	391953379	-39195.3379
90.6788	0	90680	391934609	-39193.4609
90.6789	0	90680	391930273	-39193.0273
90.679	0	90680	391943926	-39194.3926
90.6791	0	90680	391949727	-39194.9727
90.6792	0	90680	39195041	-39195.041
90.6793	0	90680	391953711	-39195.3711
90.6794	0	90680	391994023	-39199.4023
90.6795	0	90681	392010371	-39201.0371
90.6796	0	90681	392010078	-39201.0078
90.6797	0	90681	392011484	-39201.1484
90.6798	0	90681	391990586	-39199.0586
90.6799	0	90681	391980176	-39198.0176
90.68	0	90681	391998027	-39199.8027
90.6801	0	90681	392041523	-39204.1523
90.6802	0	90681	392029961	-39202.9961
90.6803	0	90681	392017422	-39201.7422
90.6804	0	90681	392056914	-39205.6914
90.6805	0	90682	392083789	-39208.3789
90.6806	0	90682	392101133	-39210.1133
90.6807	0	90682	392131152	-39213.1152
90.6808	0	90682	392144316	-39214.4316
90.6809	0	90682	392126953	-39212.6953
90.681	0	90682	392146504	-39214.6504
90.6811	0	90682	392165801	-39216.5801
90.6812	0	90682	39212748	-39212.748
90.6813	0	90682	392094375	-39209.4375
90.6814	0	90682	392092246	-39209.2246
90.6815	0	90683	39209959	-39209.959
90.6816	0	90683	39211416	-39211.416
90.6817	0	90683	392099434	-39209.9434
90.6818	0	90683	392063789	-39206.3789
90.6819	0	90683	392040527	-39204.0527
90.682	0	90683	392039746	-39203.9746
90.6821	0	90683	392056719	-39205.6719
90.6822	0	90683	392029453	-39202.9453
90.6823	0	90683	392014961	-39201.4961
90.6824	0	90683	392011738	-39201.1738
90.6825	0	90684	391989219	-39198.9219
90.6826	0	90684	391955938	-39195.5938
90.6827	0	90684	391921406	-39192.1406
90.6828	0	90684	391930254	-39193.0254
90.6829	0	90684	391935527	-39193.5527
90.683	0	90684	391930391	-39193.0391
90.6831	0	90684	391923027	-39192.3027
90.6832	0	90684	391908066	-39190.8066
90.6833	0	90684	391879277	-39187.9277
90.6834	0	90684	39185875	-39185.875
90.6835	0	90685	391855625	-39185.5625
90.6836	0	90685	391849961	-39184.9961
90.6837	0	90685	391834492	-39183.4492
90.6838	0	90685	391795859	-39179.5859
90.6839	0	90685	39178166	-39178.166
90.684	0	90685	391784141	-39178.4141
90.6841	0	90685	39176375	-39176.375
90.6842	0	90685	391746797	-39174.6797
90.6843	0	90685	391739922	-39173.9922
90.6844	0	90685	391736484	-39173.6484
90.6845	0	90686	391745918	-39174.5918
90.6846	0	90686	391729336	-39172.9336
90.6847	0	90686	39168291	-39168.291
90.6848	0	90686	391659023	-39165.9023
90.6849	0	90686	39165291	-39165.291
90.685	0	90686	391654512	-39165.4512
90.6851	0	90686	391656172	-39165.6172
90.6852	0	90686	391623164	-39162.3164
90.6853	0	90686	391578125	-39157.8125
90.6854	0	90686	391580195	-39158.0195
90.6855	0	90687	391575098	-39157.5098
90.6856	0	90687	391568457	-39156.8457
90.6857	0	90687	391577598	-39157.7598
90.6858	0	90687	391559219	-39155.9219
90.6859	0	90687	391532832	-39153.2832
90.686	0	90687	391511348	-39151.1348
90.6861	0	90687	391506621	-39150.6621
90.6862	0	90687	39151291	-39151.291
90.6863	0	90687	391519297	-39151.9297
90.6864	0	90687	391476074	-39147.6074
90.6865	0	90688	391440762	-39144.0762
90.6866	0	90688	391462773	-39146.2773
90.6867	0	90688	391467051	-39146.7051
90.6868	0	90688	391456523	-39145.6523
90.6869	0	90688	391473457	-39147.3457
90.687	0	90688	391487754	-39148.7754
90.6871	0	90688	391459453	-39145.9453
90.6872	0	90688	391448398	-39144.8398
90.6873	0	90688	391456543	-39145.6543
90.6874	0	90688	391459805	-39145.9805
90.6875	0	90689	39147709	-39147.709
90.6876	0	90689	391481309	-39148.1309
90.6877	0	90689	391456777	-39145.6777
90.6878	0	90689	391442148	-39144.2148
90.6879	0	90689	391453574	-39145.3574
90.688	0	90689	391462168	-39146.2168
90.6881	0	90689	391449902	-39144.9902
90.6882	0	90689	391430469	-39143.0469
90.6883	0	90689	39142957	-39142.957
90.6884	0	90689	391438613	-39143.8613
90.6885	0	90690	391429023	-39142.9023
90.6886	0	90690	391410176	-39141.0176
90.6887	0	90690	391406172	-39140.6172
90.6888	0	90690	391410898	-39141.0898
90.6889	0	90690	391431895	-39143.1895
90.689	0	90690	391450898	-39145.0898
90.6891	0	90690	391478984	-39147.8984
90.6892	0	90690	391514629	-39151.4629
90.6893	0	90690	391499043	-39149.9043
90.6894	0	90690	391472812	-39147.2812
90.6895	0	90691	391454004	-39145.4004
90.6896	0	90691	391468242	-39146.8242
90.6897	0	90691	391503535	-39150.3535
90.6898	0	90691	39152416	-39152.416
90.6899	0	90691	391519531	-39151.9531
90.69	0	90691	39147709	-39147.709
90.6901	0	90691	391488848	-39148.8848
90.6902	0	90691	391520723	-39152.0723
90.6903	0	90691	391498086	-39149.8086
90.6904	0	90691	391456914	-39145.6914
90.6905	0	90692	391461348	-39146.1348
90.6906	0	90692	391487559	-39148.7559
90.6907	0	90692	391470625	-39147.0625
90.6908	0	90692	391457832	-39145.7832
90.6909	0	90692	391481543	-39148.1543
90.691	0	90692	391496074	-39149.6074
90.6911	0	90692	391500508	-39150.0508
90.6912	0	90692	391514199	-39151.4199
90.6913	0	90692	391519961	-39151.9961
90.6914	0	90692	391538574	-39153.8574
90.6915	0	90693	391543672	-39154.3672
90.6916	0	90693	391541953	-39154.1953
90.6917	0	90693	391529629	-39152.9629
90.6918	0	90693	391502148	-39150.2148
90.6919	0	90693	391514082	-39151.4082
90.692	0	90693	39151502	-39151.502
90.6921	0	90693	391509023	-39150.9023
90.6922	0	90693	39152084	-39152.084
90.6923	0	90693	391550371	-39155.0371
90.6924	0	90693	391549238	-39154.9238
90.6925	0	90694	391514355	-39151.4355
90.6926	0	90694	391514922	-39151.4922
90.6927	0	90694	391546582	-39154.6582
90.6928	0	90694	391578887	-39157.8887
90.6929	0	90694	391578398	-39157.8398
90.693	0	90694	391564297	-39156.4297
90.6931	0	90694	391537949	-39153.7949
90.6932	0	90694	391539414	-39153.9414
90.6933	0	90694	391553379	-39155.3379
90.6934	0	90694	391548242	-39154.8242
90.6935	0	90695	391573477	-39157.3477
90.6936	0	90695	391601602	-39160.1602
90.6937	0	90695	391620723	-39162.0723
90.6938	0	90695	391623242	-39162.3242
90.6939	0	90695	391610586	-39161.0586
90.694	0	90695	39160498	-39160.498
90.6941	0	90695	391624414	-39162.4414
90.6942	0	90695	391663535	-39166.3535
90.6943	0	90695	3916725	-39167.25
90.6944	0	90695	391687422	-39168.7422
90.6945	0	90696	391730059	-39173.0059
90.6946	0	90696	391755527	-39175.5527
90.6947	0	90696	39180498	-39180.498
90.6948	0	90696	391854863	-39185.4863
90.6949	0	90696	391835508	-39183.5508
90.695	0	90696	391812656	-39181.2656
90.6951	0	90696	391838203	-39183.8203
90.6952	0	90696	391866816	-39186.6816
90.6953	0	90696	391837656	-39183.7656
90.6954	0	90696	391821094	-39182.1094
90.6955	0	90697	391844062	-39184.4062
90.6956	0	90697	39185627	-39185.627
90.6957	0	90697	391868828	-39186.8828
90.6958	0	90697	391853984	-39185.3984
90.6959	0	90697	391850527	-39185.0527
90.696	0	90697	391893184	-39189.3184
90.6961	0	90697	391954395	-39195.4395
90.6962	0	90697	391982969	-39198.2969
90.6963	0	90697	391957402	-39195.7402
90.6964	0	90697	391932949	-39193.2949
90.6965	0	90698	391940625	-39194.0625
90.6966	0	90698	391960215	-39196.0215
90.6967	0	90698	391979961	-39197.9961
90.6968	0	90698	392007578	-39200.7578
90.6969	0	90698	39200709	-39200.709
90.697	0	90698	391997949	-39199.7949
90.6971	0	90698	392045156	-39204.5156
90.6972	0	90698	392098379	-39209.8379
90.6973	0	90698	392071387	-39207.1387
90.6974	0	90698	392018379	-39201.8379
90.6975	0	90699	392011855	-39201.1855
90.6976	0	90699	392044238	-39204.4238
90.6977	0	90699	392054473	-39205.4473
90.6978	0	90699	39206959	-39206.959
90.6979	0	90699	392115293	-39211.5293
90.698	0	90699	392101738	-39210.1738
90.6981	0	90699	392085801	-39208.5801
90.6982	0	90699	392086758	-39208.6758
90.6983	0	90699	392073398	-39207.3398
90.6984	0	90699	392054004	-39205.4004
90.6985	0	90700	392043789	-39204.3789
90.6986	0	90700	392045	-39204.5
90.6987	0	90700	392052598	-39205.2598
90.6988	0	90700	392067402	-39206.7402
90.6989	0	90700	392057246	-39205.7246
90.699	0	90700	392048848	-39204.8848
90.6991	0	90700	392011992	-39201.1992
90.6992	0	90700	391982168	-39198.2168
90.6993	0	90700	391981953	-39198.1953
90.6994	0	90700	391984043	-39198.4043
90.6995	0	90701	391988418	-39198.8418
90.6996	0	90701	392000645	-39200.0645
90.6997	0	90701	392006758	-39200.6758
90.6998	0	90701	391972637	-39197.2637
90.6999	0	90701	391962656	-39196.2656
90.7	0	90701	391973691	-39197.3691
90.7001	0	90701	39196043	-39196.043
90.7002	0	90701	391945508	-39194.5508
90.7003	0	90701	391967676	-39196.7676
90.7004	0	90701	391980879	-39198.0879
90.7005	0	90702	391983672	-39198.3672
90.7006	0	90702	391992344	-39199.2344
90.7007	0	90702	391979551	-39197.9551
90.7008	0	90702	39197916	-39197.916
90.7009	0	90702	391978223	-39197.8223
90.701	0	90702	392007461	-39200.7461
90.7011	0	90702	392064688	-39206.4688
90.7012	0	90702	39205918	-39205.918
90.7013	0	90702	392027969	-39202.7969
90.7014	0	90702	392021367	-39202.1367
90.7015	0	90703	392002188	-39200.2188
90.7016	0	90703	391984746	-39198.4746
90.7017	0	90703	391988027	-39198.8027
90.7018	0	90703	392007285	-39200.7285
90.7019	0	90703	392013066	-39201.3066
90.702	0	90703	392004219	-39200.4219
90.7021	0	90703	392024316	-39202.4316
90.7022	0	90703	392026328	-39202.6328
90.7023	0	90703	392027168	-39202.7168
90.7024	0	90703	392020801	-39202.0801
90.7025	0	90704	392003145	-39200.3145
90.7026	0	90704	391993945	-39199.3945
90.7027	0	90704	391951582	-39195.1582
90.7028	0	90704	391931641	-39193.1641
90.7029	0	90704	391931543	-39193.1543
90.703	0	90704	391915879	-39191.5879
90.7031	0	90704	391925059	-39192.5059
90.7032	0	90704	391944453	-39194.4453
90.7033	0	90704	391908047	-39190.8047
90.7034	0	90704	391877129	-39187.7129
90.7035	0	90705	391882754	-39188.2754
90.7036	0	90705	391875566	-39187.5566
90.7037	0	90705	391869082	-39186.9082
90.7038	0	90705	39187832	-39187.832
90.7039	0	90705	391889668	-39188.9668
90.704	0	90705	391867734	-39186.7734
90.7041	0	90705	391854023	-39185.4023
90.7042	0	90705	391879316	-39187.9316
90.7043	0	90705	391879297	-39187.9297
90.7044	0	90705	39183041	-39183.041
90.7045	0	90706	391826699	-39182.6699
90.7046	0	90706	391826367	-39182.6367
90.7047	0	90706	391776289	-39177.6289
90.7048	0	90706	391742461	-39174.2461
90.7049	0	90706	39173248	-39173.248
90.705	0	90706	391751758	-39175.1758
90.7051	0	90706	391733848	-39173.3848
90.7052	0	90706	391712461	-39171.2461
90.7053	0	90706	39171707	-39171.707
90.7054	0	90706	391699102	-39169.9102
90.7055	0	90707	391676797	-39167.6797
90.7056	0	90707	391654316	-39165.4316
90.7057	0	90707	391634199	-39163.4199
90.7058	0	90707	391620586	-39162.0586
90.7059	0	90707	391598945	-39159.8945
90.706	0	90707	391575605	-39157.5605
90.7061	0	90707	391584727	-39158.4727
90.7062	0	90707	391587148	-39158.7148
90.7063	0	90707	391581562	-39158.1562
90.7064	0	90707	39157916	-39157.916
90.7065	0	90708	391576035	-39157.6035
90.7066	0	90708	391559844	-39155.9844
90.7067	0	90708	391552598	-39155.2598
90.7068	0	90708	391540703	-39154.0703
90.7069	0	90708	391540332	-39154.0332
90.707	0	90708	391584707	-39158.4707
90.7071	0	90708	391534902	-39153.4902
90.7072	0	90708	391500391	-39150.0391
90.7073	0	90708	391561172	-39156.1172
90.7074	0	90708	391606484	-39160.6484
90.7075	0	90709	391611074	-39161.1074
90.7076	0	90709	391594941	-39159.4941
90.7077	0	90709	3916075	-39160.75
90.7078	0	90709	391603027	-39160.3027
90.7079	0	90709	39157877	-39157.877
90.708	0	90709	391598828	-39159.8828
90.7081	0	90709	391622676	-39162.2676
90.7082	0	90709	391602188	-39160.2188
90.7083	0	90709	391592344	-39159.2344
90.7084	0	90709	391598711	-39159.8711
90.7085	0	90710	391597969	-39159.7969
90.7086	0	90710	391557148	-39155.7148
90.7087	0	90710	39152584	-39152.584
90.7088	0	90710	391551621	-39155.1621
90.7089	0	90710	391561367	-39156.1367
90.709	0	90710	391554258	-39155.4258
90.7091	0	90710	391547324	-39154.7324
90.7092	0	90710	391553613	-39155.3613
90.7093	0	90710	391562227	-39156.2227
90.7094	0	90710	391579863	-39157.9863
90.7095	0	90711	391564336	-39156.4336
90.7096	0	90711	391536914	-39153.6914
90.7097	0	90711	391524023	-39152.4023
90.7098	0	90711	391476582	-39147.6582
90.7099	0	90711	39145709	-39145.709
90.71	0	90711	391461621	-39146.1621
563.6937	0	563695	200002	200002
